date,team_a,team_b,team_a_elo,team_b_elo,team_a_ranking,team_a_rating,team_a_goals_per_game,team_a_avg_possession,team_a_pass_accuracy,team_a_shots_per_game,team_a_tackles_per_game,team_a_dribble_per_game,team_a_coach_ranking,team_b_ranking,team_b_rating,team_b_goals_per_game,team_b_avg_possession,team_b_pass_accuracy,team_b_shots_per_game,team_b_tackles_per_game,team_b_dribble_per_game,team_b_coach_ranking,team_home,results,total match goals
13/5/2018,everton,west_ham_united,1708,1661,128,6.67,1.2,46.7,74.3,9.4,16.9,6.9,128,199,6.72,1.3,46.5,75.5,9.8,16.4,11.2,225,0,2,
13/5/2018,leicester_city,tottenham_hotspur,1698,1910,162,6.74,1.5,48.3,74.7,11.1,16.6,11.1,162,19,6.95,1.9,58.8,83.8,16.4,16.3,11.5,19,0,2,
13/5/2018,stoke_city,swansea_city,1617,1627,304,6.7,0.9,43.7,71.5,10.1,17.9,8.6,304,207,6.59,0.7,46,78.2,8.9,16.1,8.4,207,0,1,
13/5/2018,manchester_city,southampton,1971,1654,12,7.15,2.8,66.4,89,17.5,14.8,13.2,12,197,6.67,1,51,77.5,11.8,17.3,10,197,0,1,
13/5/2018,chelsea,newcastle_united,1856,1649,31,6.94,1.6,54.4,84.3,15.9,16.7,13.5,31,211,6.72,1,43.8,72.3,11.9,16.9,8,211,0,2,
13/5/2018,watford,manchester_united,1626,1881,235,6.66,1.2,49.3,75.5,11.6,17.6,8.7,235,13,6.98,1.8,53.9,83.6,13.5,14.8,12.3,13,0,2,
13/5/2018,brighton,liverpool,1634,1922,218,6.69,0.9,45.1,74.9,10.1,15.7,7.8,218,9,6.99,2.2,58,83.8,16.8,16.8,11.6,9,0,2,
13/5/2018,arsenal,huddersfield_town,1817,1568,25,6.92,1.9,58.5,84.3,15.6,16.4,10.1,25,255,6.61,0.7,46.4,74,9.5,19.6,7.3,255,0,1,
13/5/2018,west_bromwich_albion,crystal_palace,1627,1684,323,6.63,0.8,42.8,72.4,9.9,15.9,8.4,323,185,6.84,1.2,46.9,75.4,12.5,18,12.7,185,0,2,
13/5/2018,afc_bournemouth,burnley,1661,1698,203,6.65,1.2,48.5,77,12.2,13.4,9,203,157,6.78,0.9,45.1,70.5,9.9,14,5.7,157,0,1,
10/5/2018,manchester_united,west_ham_united,1886,1657,13,6.98,1.8,53.9,83.6,13.5,14.8,12.3,11,199,6.72,1.3,46.5,75.5,9.8,16.4,11.2,225,0,0,
09/05/2018,newcastle_united,tottenham_hotspur,1650,1908,211,6.72,1,43.8,72.3,11.9,16.9,8,168,19,6.95,1.9,58.8,83.8,16.4,16.3,11.5,13,0,2,
09/05/2018,brighton,manchester_city,1636,1969,218,6.69,0.9,45.1,74.9,10.1,15.7,7.8,165,12,7.15,2.8,66.4,89,17.5,14.8,13.2,10,0,2,
09/05/2018,arsenal,leicester_city,1831,1684,25,6.92,1.9,58.5,84.3,15.6,16.4,10.1,19,162,6.74,1.5,48.3,74.7,11.1,16.6,11.1,152,0,2,
09/05/2018,huddersfield,chelsea,1560,1864,255,6.61,0.7,46.4,74,9.5,19.6,7.3,193,31,6.94,1.6,54.4,84.3,15.9,16.7,13.5,23,0,0,
08/05/2018,southampton,swansea_city,1645,1637,197,6.67,1,51,77.5,11.8,17.3,10,239,207,6.59,0.7,46,78.2,8.9,16.1,8.4,300,0,1,
06/05/2018,huddersfield,manchester_city,1552,1978,255,6.61,0.7,46.4,74,9.5,19.6,7.3,193,12,7.15,2.8,66.4,89,17.5,14.8,13.2,10,0,0,
06/05/2018,burnley,arsenal,1707,1822,157,6.78,0.9,45.1,70.5,9.9,14,5.7,121,25,6.92,1.9,58.5,84.3,15.6,16.4,10.1,19,0,2,
06/05/2018,liverpool,chelsea,1930,1855,9,6.99,2.2,58,83.8,16.8,16.8,11.6,8,31,6.94,1.6,54.4,84.3,15.9,16.7,13.5,23,0,2,
05/05/2018,swansea_city,afc_bournemouth,1643,1655,207,6.59,0.7,46,78.2,8.9,16.1,8.4,300,203,6.65,1.2,48.5,77,12.2,13.4,9,154,0,2,
05/05/2018,west_ham_united,leicester_city,1641,1699,199,6.72,1.3,46.5,75.5,9.8,16.4,11.2,225,162,6.74,1.5,48.3,74.7,11.1,16.6,11.1,152,0,1,
05/05/2018,southampton,everton,1641,1712,197,6.67,1,51,77.5,11.8,17.3,10,239,128,6.67,1.2,46.7,74.3,9.4,16.9,6.9,180,0,0,
05/05/2018,tottenham_hotspur,west_bromwich_albion,1922,1613,19,6.95,1.9,58.8,83.8,16.4,16.3,11.5,13,323,6.63,0.8,42.8,72.4,9.9,15.9,8.4,620,0,2,
05/05/2018,newcastle_united,watford,1658,1619,211,6.72,1,43.8,72.3,11.9,16.9,8,168,235,6.66,1.2,49.3,75.5,11.6,17.6,8.7,452,0,2,
05/05/2018,cystal_palace,stoke_city,1675,1626,185,6.84,1.2,46.9,75.4,12.5,18,12.7,151,304,6.7,0.9,43.7,71.5,10.1,17.9,8.9,599,0,1,
11/8/2017,leicester_city,arsenal,1714,1845,162,6.74,1.5,48.3,74.7,11.1,16.6,11.1,152,25,6.92,1.9,58.5,84.3,15.6,16.4,10.1,25,0,2,
12/8/2017,liverpool,watford,1835,1601,9,6.99,2.2,58,83.8,16.8,16.8,11.6,8,235,6.66,1.2,49.3,75.5,11.6,17.6,8.7,452,0,0,
12/8/2017,bournemouth,west_bromwich_albion,1651,1642,203,6.65,1.2,48.5,77,12.2,13.4,9,154,323,6.63,0.8,42.8,72.4,9.9,15.9,8.4,620,0,2,
12/8/2017,swansea,southampton,1647,1689,207,6.59,0.7,46,78.2,8.9,16.4,8.4,300,197,6.67,1,51,77.5,11.8,17.3,10,239,0,0,
12/8/2017,burnley,chelsea,1626,1907,157,6.78,0.9,45.1,70.5,9.9,14,5.7,121,31,6.94,1.6,54.4,84.3,15.9,16.7,13.5,23,0,1,
12/8/2017,huddersfield,crystal_palace,1471,1640,255,6.61,0.7,46.4,74,9.5,19.6,7.3,193,185,6.84,1.2,46.9,75.4,12.5,18,12.7,151,0,1,
12/8/2017,stoke,everton,1660,1749,304,6.7,0.9,43.7,71.5,10.1,17.9,8.6,599,128,6.67,1.2,46.7,74.3,9.4,16.9,6.9,180,0,2,
12/8/2017,manchester_city,brighton,1864,1581,12,7.15,2.8,66.4,89,17.5,14.8,13.2,10,218,6.69,0.9,45.1,74.9,10.1,15.7,7.8,165,0,1,
13/8/2017,tottenham,newcastle_united,1885,1621,19,6.95,1.9,58.8,83.8,16.4,16.3,11.5,13,211,6.72,1,43.8,72.3,11.9,16.9,8,168,0,1,
13/8/2017,west_ham,manchester_united,1670,1855,199,6.72,1.3,46.5,75.5,9.8,16.4,11.2,225,13,6.98,1.8,53.9,83.6,13.5,14.8,12.3,11,0,2,
19/8/2017,manchester_united,swansea,1864,1654,13,6.98,1.8,53.9,83.6,13.5,14.8,12.3,11,207,6.59,0.7,46,78.2,8.9,16.4,8.4,300,0,1,
19/8/2017,brighton,leicester,1580,1715,218,6.69,0.9,45.1,74.9,10.1,15.7,7.8,165,162,6.74,1.5,48.3,74.7,11.1,16.6,11.1,152,0,2,
19/8/2017,crystal_palace,liverpool,1620,1842,185,6.84,1.2,46.9,75.4,12.5,18,12.7,151,9,6.99,2.2,58,83.8,16.8,16.8,11.6,8,0,2,
19/8/2017,watford,bournemouth,1609,1649,235,6.66,1.2,49.3,75.5,11.6,17.6,8.7,452,203,6.65,1.2,48.5,77,12.2,13.4,9,154,0,1,
19/8/2017,west_bromwich_albion,burnley,1653,1646,323,6.63,0.8,42.8,72.4,9.9,15.9,8.4,620,157,6.78,0.9,45.1,70.5,9.9,14,5.7,121,0,1,
19/8/2017,west_ham,southampton,1668,1690,199,6.72,1.3,46.5,75.5,9.8,16.4,11.2,225,197,6.67,1,51,77.5,11.8,17.3,10,239,0,2,
19/8/2017,arsenal,stoke,1853,1659,25,6.92,1.9,58.5,84.3,15.6,16.4,10.1,25,304,6.7,0.9,43.7,71.5,10.1,17.9,8.6,599,0,2,
20/8/2017,newcastle_united,huddersfield,1619,1499,211,6.72,1,43.8,72.3,11.9,16.9,8,168,255,6.61,0.7,46.4,74,9.5,19.6,7.3,193,0,2,
20/8/2017,chelsea,tottenham,1895,1894,31,6.94,1.6,54.4,84.3,15.9,16.7,13.5,23,19,6.95,1.9,58.8,83.8,16.4,16.3,11.5,13,0,1,
21/8/2017,everton,manchester_city,1760,1873,128,6.67,1.2,46.7,74.3,9.4,16.9,6.9,180,12,7.15,2.8,66.4,89,17.5,14.8,13.2,10,0,0,
26/8/2017,manchester_city,bournemouth,1870,1635,12,7.15,2.8,66.4,89,17.5,14.8,13.2,10,203,6.65,1.2,48.5,77,12.2,13.4,9,154,0,1,
26/8/2017,swansea,crystal_palace,1646,1620,207,6.59,0.7,46,78.2,8.9,16.4,8.4,300,185,6.84,1.2,46.9,75.4,12.5,18,12.7,151,0,1,
26/8/2017,southampton,huddersfield,1697,1510,197,6.67,1,51,77.5,11.8,17.3,10,239,255,6.61,0.7,46.4,74,9.5,19.6,7.3,193,0,0,
26/8/2017,west_ham,newcastle_united,1664,1612,199,6.72,1.3,46.5,75.5,9.8,16.4,11.2,225,211,6.72,1,43.8,72.3,11.9,16.9,8,168,0,2,
26/8/2017,brighton,watford,1577,1627,218,6.69,0.9,45.1,74.9,10.1,15.7,7.8,165,235,6.66,1.2,49.3,75.5,11.6,17.6,8.7,452,0,0,
26/8/2017,leicester_city,manchester_united,1721,1876,162,6.74,1.5,48.3,74.7,11.1,16.6,11.1,152,13,6.98,1.8,53.9,83.6,13.5,14.8,12.3,11,0,2,
27/8/2017,everton,chelsea,1768,1906,128,6.67,1.2,46.7,74.3,9.4,16.9,6.9,180,31,6.94,1.6,54.4,84.3,15.9,16.7,13.5,23,0,2,
27/8/2017,stoke,west_bromwich_albion,1672,1664,304,6.7,0.9,43.7,71.5,10.1,17.9,8.6,599,323,6.63,0.8,42.8,72.4,9.9,15.9,8.4,620,0,0,
27/8/2017,burnley,tottenham,1638,1886,157,6.78,0.9,45.1,70.5,9.9,14,5.7,121,19,6.95,1.9,58.8,83.8,16.4,16.3,11.5,13,0,0,
27/8/2017,arsenal,liverpool,1843,1851,25,6.92,1.9,58.5,84.3,15.6,16.4,10.1,25,9,6.99,2.2,58,83.8,16.8,16.8,11.6,8,0,2,
9/9/17,liverpool,manchester_city,1862,1874,9,6.99,2.2,58,83.8,16.8,16.8,11.6,8,12,7.15,2.8,66.4,89,17.5,14.8,13.2,10,0,2,
9/9/17,watford,southampton,1623,1694,235,6.66,1.2,49.3,75.5,11.6,17.6,8.7,452,197,6.67,1,51,77.5,11.8,17.3,10,239,0,1,
9/9/17,bournemouth,arsenal,1631,1832,203,6.65,1.2,48.5,77,12.2,13.4,9,154,25,6.92,1.9,58.5,84.3,15.6,16.4,10.1,25,0,2,
9/9/17,west_bromwich_albion,brighton,1662,1581,323,6.63,0.8,42.8,72.4,9.9,15.9,8.4,620,218,6.69,0.9,45.1,74.9,10.1,15.7,7.8,165,0,2,
9/9/17,tottenham,everton,1879,1763,19,6.95,1.9,58.8,83.8,16.4,16.3,11.5,13,128,6.67,1.2,46.7,74.3,9.4,16.9,6.9,180,0,1,
9/9/17,chelsea,leicester,1911,1717,31,6.94,1.6,54.4,84.3,15.9,16.7,13.5,23,162,6.74,1.5,48.3,74.7,11.1,16.6,11.1,152,0,1,
9/9/17,manchester_united,stoke,1880,1674,13,6.98,1.8,53.9,83.6,13.5,14.8,12.3,11,304,6.7,0.9,43.7,71.5,10.1,17.9,8.6,599,0,0,
10/9/17,crystal_palace,burnley,1607,1645,185,6.84,1.2,46.9,75.4,12.5,18,12.7,151,157,6.78,0.9,45.1,70.5,9.9,14,5.7,121,0,2,
10/9/17,newcastle_united,swansea,1625,1659,211,6.72,1,43.8,72.3,11.9,16.9,8,168,207,6.59,0.7,46,78.2,8.9,16.4,8.4,300,0,1,
11/9/17,huddersfield,west_ham,1513,1651,255,6.61,0.7,46.4,74,9.5,19.6,7.3,193,199,6.72,1.3,46.5,75.5,9.8,16.4,11.2,225,0,2,
15/9/2017,brighton,bournemouth,1595,1629,218,6.69,0.9,45.1,74.9,10.1,15.7,7.8,165,203,6.65,1.2,48.5,77,12.2,13.4,9,154,0,2,
16/9/2017,southampton,crystal_palace,1680,1604,197,6.67,1,51,77.5,11.8,17.3,10,239,185,6.84,1.2,46.9,75.4,12.5,18,12.7,151,0,1,
16/9/2017,leicester_city,huddersfield,1714,1511,162,6.74,1.5,48.3,74.7,11.1,16.6,11.1,152,255,6.61,0.7,46.4,74,9.5,19.6,7.3,193,0,0,
16/9/2017,burnley,liverpool,1653,1849,157,6.78,0.9,45.1,70.5,9.9,14,5.7,121,9,6.99,2.2,58,83.8,16.8,16.8,11.6,8,0,0,
16/9/2017,stoke,newcastle_united,1680,1638,304,6.7,0.9,43.7,71.5,10.1,17.9,8.6,599,211,6.72,1,43.8,72.3,11.9,16.9,8,168,0,2,
16/9/2017,manchester_city,watford,1897,1642,12,7.15,2.8,66.4,89,17.5,14.8,13.2,10,235,6.66,1.2,49.3,75.5,11.6,17.6,8.7,452,0,1,
16/9/2017,west_ham,west_bromwich_albion,1658,1653,199,6.72,1.3,46.5,75.5,9.8,16.4,11.2,225,323,6.63,0.8,42.8,72.4,9.9,15.9,8.4,620,0,0,
16/9/2017,swansea,tottenham,1650,1990,207,6.59,0.7,46,78.2,8.9,16.4,8.4,300,19,6.95,1.9,58.8,83.8,16.4,16.3,11.5,13,0,0,
17/9/2017,arsenal,chelsea,1841,1920,25,6.92,1.9,58.5,84.3,15.6,16.4,10.1,25,31,6.94,1.6,54.4,84.3,15.9,16.7,13.5,23,0,0,
17/9/2017,everton,manchester_united,1742,1881,128,6.67,1.2,46.7,74.3,9.4,16.9,6.9,180,13,6.98,1.8,53.9,83.6,13.5,14.8,12.3,11,0,2,
23/9/2017,tottenham,west_ham,1892,1660,19,6.95,1.9,58.8,83.8,16.4,16.3,11.5,13,199,6.72,1.3,46.5,75.5,9.8,16.4,11.2,225,0,1,
23/9/2017,huddersfield,burnley,1514,1659,255,6.61,0.7,46.4,74,9.5,19.6,7.3,193,157,6.78,0.9,45.1,70.5,9.9,14,5.7,121,0,0,
23/9/2017,bournemouth,everton,1635,1735,203,6.65,1.2,48.5,77,12.2,13.4,9,154,128,6.67,1.2,46.7,74.3,9.4,16.9,6.9,180,0,2,
23/9/2017,crystal_palace,manchester_city,1596,1906,185,6.84,1.2,46.9,75.4,12.5,18,12.7,151,12,7.15,2.8,66.4,89,17.5,14.8,13.2,10,0,2,
23/9/2017,manchester_united,southampton,1888,1688,13,6.98,1.8,53.9,83.6,13.5,14.8,12.3,11,197,6.67,1,51,77.5,11.8,17.3,10,239,0,1,
23/9/2017,chelsea,stoke,1916,1673,31,6.94,1.6,54.4,84.3,15.9,16.7,13.5,23,304,6.7,0.9,43.7,71.5,10.1,17.9,8.6,599,0,1,
23/9/2017,watford,swansea,1633,1658,235,6.66,1.2,49.3,75.5,11.6,17.6,8.7,452,207,6.59,0.7,46,78.2,8.9,16.4,8.4,300,0,1,
23/9/2017,liverpool,leicester,1842,1711,9,6.99,2.2,58,83.8,16.8,16.8,11.6,8,162,6.74,1.5,48.3,74.7,11.1,16.6,11.1,152,0,1,
24/9/2017,newcastle_united,brighton,1645,1589,211,6.72,1,43.8,72.3,11.9,16.9,8,168,218,6.69,0.9,45.1,74.9,10.1,15.7,7.8,165,0,2,
25/9/2017,west_bromwich_albion,arsenal,1651,1845,323,6.63,0.8,42.8,72.4,9.9,15.9,8.4,620,25,6.92,1.9,58.5,84.3,15.6,16.4,10.1,25,0,2,
30/9/2017,tottenham,huddersfield,1912,1529,19,6.95,1.9,58.8,83.8,16.4,16.3,11.5,13,255,6.61,0.7,46.4,74,9.5,19.6,7.3,193,0,1,
30/9/2017,crystal_palace,manchester_united,1601,1914,185,6.84,1.2,46.9,75.4,12.5,18,12.7,151,13,6.98,1.8,53.9,83.6,13.5,14.8,12.3,11,0,2,
30/9/2017,southampton,stoke,1691,1674,197,6.67,1,51,77.5,11.8,17.3,10,239,304,6.7,0.9,43.7,71.5,10.1,17.9,8.6,599,0,2,
30/9/2017,watford,west_bromwich_albion,1652,1656,235,6.66,1.2,49.3,75.5,11.6,17.6,8.7,452,323,6.63,0.8,42.8,72.4,9.9,15.9,8.4,620,0,0,
30/9/2017,swansea,west_ham,1656,1665,207,6.59,0.7,46,78.2,8.9,16.4,8.4,300,199,6.72,1.3,46.5,75.5,9.8,16.4,11.2,225,0,2,
30/9/2017,leicester_city,bournemouth,1713,1639,162,6.74,1.5,48.3,74.7,11.1,16.6,11.1,152,203,6.65,1.2,48.5,77,12.2,13.4,9,154,0,0,
30/9/2017,manchester_city,chelsea,1922,1944,12,7.15,2.8,66.4,89,17.5,14.8,13.2,10,31,6.94,1.6,54.4,84.3,15.9,16.7,13.5,23,0,1,
1/10/17,brighton,arsenal,1606,1860,218,6.69,0.9,45.1,74.9,10.1,15.7,7.8,165,25,6.92,1.9,58.5,84.3,15.6,16.4,10.1,25,0,2,
1/10/17,burnley,everton,1663,1740,157,6.78,0.9,45.1,70.5,9.9,14,5.7,121,128,6.67,1.2,46.7,74.3,9.4,16.9,6.9,180,0,1,
1/10/17,liverpool,newcastle_united,1854,1646,9,6.99,2.2,58,83.8,16.8,16.8,11.6,8,211,6.72,1,43.8,72.3,11.9,16.9,8,168,0,0,
14/10/2017,manchester_united,liverpool,1917,1850,13,6.98,1.8,53.9,83.6,13.5,14.8,12.3,11,9,6.99,2.2,58,83.8,16.8,16.8,11.6,8,0,0,
14/10/2017,stoke,manchester_city,1680,1932,304,6.7,0.9,43.7,71.5,10.1,17.9,8.6,599,12,7.15,2.8,66.4,89,17.5,14.8,13.2,10,0,2,
14/10/2017,west_ham,burnley,1671,1674,199,6.72,1.3,46.5,75.5,9.8,16.4,11.2,225,157,6.78,0.9,45.1,70.5,9.9,14,5.7,121,0,0,
14/10/2017,chelsea,crystal_palace,1934,1599,31,6.94,1.6,54.4,84.3,15.9,16.7,13.5,23,185,6.84,1.2,46.9,75.4,12.5,18,12.7,151,0,2,
14/10/2017,huddersfield,swansea,1525,1650,255,6.61,0.7,46.4,74,9.5,19.6,7.3,193,207,6.59,0.7,46,78.2,8.9,16.4,8.4,300,0,2,
14/10/2017,bournemouth,tottenham,1640,1915,203,6.65,1.2,48.5,77,12.2,13.4,9,154,19,6.95,1.9,58.8,83.8,16.4,16.3,11.5,13,0,2,
14/10/2017,arsenal,watford,1863,1654,25,6.92,1.9,58.5,84.3,15.6,16.4,10.1,25,235,6.66,1.2,49.3,75.5,11.6,17.6,8.7,452,0,2,
15/10/2017,everton,brighton,1728,1603,128,6.67,1.2,46.7,74.3,9.4,16.9,6.9,180,218,6.69,0.9,45.1,74.9,10.1,15.7,7.8,165,0,0,
15/10/2017,newcastle_united,southampton,1650,1685,211,6.72,1,43.8,72.3,11.9,16.9,8,168,197,6.67,1,51,77.5,11.8,17.3,10,239,0,0,
16/10/2017,west_bromwich_albion,leicester,1654,1713,323,6.63,0.8,42.8,72.4,9.9,15.9,8.4,620,162,6.74,1.5,48.3,74.7,11.1,16.6,11.1,152,0,0,
20/10/2017,brighton,west_ham,1608,1676,218,6.69,0.9,45.1,74.9,10.1,15.7,7.8,165,199,6.72,1.3,46.5,75.5,9.8,16.4,11.2,225,0,1,
21/10/2017,watford,chelsea,1669,1918,235,6.66,1.2,49.3,75.5,11.6,17.6,8.7,452,31,6.94,1.6,54.4,84.3,15.9,16.7,13.5,23,0,2,
21/10/2017,bournemouth,stoke,1641,1679,203,6.65,1.2,48.5,77,12.2,13.4,9,154,304,6.7,0.9,43.7,71.5,10.1,17.9,8.6,599,0,1,
21/10/2017,leicester_city,swansea,1713,1658,162,6.74,1.5,48.3,74.7,11.1,16.6,11.1,152,207,6.59,0.7,46,78.2,8.9,16.4,8.4,300,0,1,
21/10/2017,manchester_united,huddersfield,1926,1523,13,6.98,1.8,53.9,83.6,13.5,14.8,12.3,11,255,6.61,0.7,46.4,74,9.5,19.6,7.3,193,0,2,
21/10/2017,burnley,manchester_city,1676,1944,157,6.78,0.9,45.1,70.5,9.9,14,5.7,121,12,7.15,2.8,66.4,89,17.5,14.8,13.2,10,0,2,
21/10/2017,crystal_palace,newcastle_united,1616,1656,185,6.84,1.2,46.9,75.4,12.5,18,12.7,151,211,6.72,1,43.8,72.3,11.9,16.9,8,168,0,2,
21/10/2017,west_bromwich_albion,southampton,1660,1685,323,6.63,0.8,42.8,72.4,9.9,15.9,8.4,620,197,6.67,1,51,77.5,11.8,17.3,10,239,0,2,
22/10/2017,arsenal,everton,1856,1719,25,6.92,1.9,58.5,84.3,15.6,16.4,10.1,25,128,6.67,1.2,46.7,74.3,9.4,16.9,6.9,180,0,1,
22/10/2017,liverpool,tottenham,1860,1926,9,6.99,2.2,58,83.8,16.8,16.8,11.6,8,19,6.95,1.9,58.8,83.8,16.4,16.3,11.5,13,0,2,
28/10/2017,tottenham,manchester_united,1933,1910,19,6.95,1.9,58.8,83.8,16.4,16.3,11.5,13,13,6.98,1.8,53.9,83.6,13.5,14.8,12.3,11,0,2,
28/10/2017,stoke,watford,1668,1667,304,6.7,0.9,43.7,71.5,10.1,17.9,8.6,599,235,6.66,1.2,49.3,75.5,11.6,17.6,8.7,452,0,1,
28/10/2017,manchester_city,west_bromwich_albion,1947,1655,12,7.15,2.8,66.4,89,17.5,14.8,13.2,10,323,6.63,0.8,42.8,72.4,9.9,15.9,8.4,620,0,1,
28/10/2017,west_ham,crystal_palace,1656,1611,199,6.72,1.3,46.5,75.5,9.8,16.4,11.2,225,185,6.84,1.2,46.9,75.4,12.5,18,12.7,151,0,0,
28/10/2017,swansea,arsenal,1650,1867,207,6.59,0.7,46,78.2,8.9,16.4,8.4,300,25,6.92,1.9,58.5,84.3,15.6,16.4,10.1,25,0,2,
28/10/2017,huddersfield,liverpool,1538,1853,255,6.61,0.7,46.4,74,9.5,19.6,7.3,193,9,6.99,2.2,58,83.8,16.8,16.8,11.6,8,0,2,
28/10/2017,chelsea,bournemouth,1921,1652,31,6.94,1.6,54.4,84.3,15.9,16.7,13.5,23,203,6.65,1.2,48.5,77,12.2,13.4,9,154,0,1,
29/10/2017,southampton,brighton,1691,1628,197,6.67,1,51,77.5,11.8,17.3,10,239,218,6.69,0.9,45.1,74.9,10.1,15.7,7.8,165,0,0,
29/10/2017,everton,leicester,1708,1721,128,6.67,1.2,46.7,74.3,9.4,16.9,6.9,180,162,6.74,1.5,48.3,74.7,11.1,16.6,11.1,152,0,2,
30/10/2017,newcastle_united,burnley,1662,1673,211,6.72,1,43.8,72.3,11.9,16.9,8,168,157,6.78,0.9,45.1,70.5,9.9,14,5.7,121,0,2,
4/11/17,leicester_city,stoke,1729,1678,162,6.74,1.5,48.3,74.7,11.1,16.6,11.1,152,304,6.7,0.9,43.7,71.5,10.1,17.9,8.6,599,0,0,
4/11/17,brighton,swansea,1628,1647,218,6.69,0.9,45.1,74.9,10.1,15.7,7.8,165,207,6.59,0.7,46,78.2,8.9,16.4,8.4,300,0,1,
4/11/17,west_bromwich_albion,huddersfield,1651,1536,323,6.63,0.8,42.8,72.4,9.9,15.9,8.4,620,255,6.61,0.7,46.4,74,9.5,19.6,7.3,193,0,2,
4/11/17,bournemouth,newcastle_united,1649,1655,203,6.65,1.2,48.5,77,12.2,13.4,9,154,211,6.72,1,43.8,72.3,11.9,16.9,8,168,0,1,
4/11/17,burnley,southampton,1679,1691,157,6.78,0.9,45.1,70.5,9.9,14,5.7,121,197,6.67,1,51,77.5,11.8,17.3,10,239,0,1,
4/11/17,liverpool,west_ham,1857,1656,9,6.99,2.2,58,83.8,16.8,16.8,11.6,8,199,6.72,1.3,46.5,75.5,9.8,16.4,11.2,225,0,1,
5/11/17,crystal_palace,tottenham,1610,1938,185,6.84,1.2,46.9,75.4,12.5,18,12.7,151,19,6.95,1.9,58.8,83.8,16.4,16.3,11.5,13,0,2,
5/11/17,arsenal,manchester_city,1860,1963,25,6.92,1.9,58.5,84.3,15.6,16.4,10.1,25,12,7.15,2.8,66.4,89,17.5,14.8,13.2,10,0,2,
5/11/17,manchester_united,chelsea,1920,1912,13,6.98,1.8,53.9,83.6,13.5,14.8,12.3,11,31,6.94,1.6,54.4,84.3,15.9,16.7,13.5,23,0,2,
5/11/17,watford,everton,1657,1691,235,6.66,1.2,49.3,75.5,11.6,17.6,8.7,452,128,6.67,1.2,46.7,74.3,9.4,16.9,6.9,180,0,2,
18/11/2017,tottenham,arsenal,1939,1854,19,6.95,1.9,58.8,83.8,16.4,16.3,11.5,13,25,6.92,1.9,58.5,84.3,15.6,16.4,10.1,25,0,2,
18/11/2017,huddersfield,bournemouth,1546,1658,255,6.61,0.7,46.4,74,9.5,19.6,7.3,193,203,6.65,1.2,48.5,77,12.2,13.4,9,154,0,2,
18/11/2017,chelsea,west_bromwich_albion,1919,1642,31,6.94,1.6,54.4,84.3,15.9,16.7,13.5,23,323,6.63,0.8,42.8,72.4,9.9,15.9,8.4,620,0,1,
18/11/2017,swansea,burnley,1637,1689,207,6.59,0.7,46,78.2,8.9,16.4,8.4,300,157,6.78,0.9,45.1,70.5,9.9,14,5.7,121,0,2,
18/11/2017,everton,crystal_palace,1697,1609,128,6.67,1.2,46.7,74.3,9.4,16.9,6.9,180,185,6.84,1.2,46.9,75.4,12.5,18,12.7,151,0,0,
18/11/2017,manchester_city,leicester,1968,1730,12,7.15,2.8,66.4,89,17.5,14.8,13.2,10,162,6.74,1.5,48.3,74.7,11.1,16.6,11.1,152,0,1,
18/11/2017,southampton,liverpool,1681,1865,197,6.67,1,51,77.5,11.8,17.3,10,239,9,6.99,2.2,58,83.8,16.8,16.8,11.6,8,0,2,
18/11/2017,newcastle_united,manchester_united,1646,1913,211,6.72,1,43.8,72.3,11.9,16.9,8,168,13,6.98,1.8,53.9,83.6,13.5,14.8,12.3,11,0,2,
19/11/2017,west_ham,watford,1649,1651,199,6.72,1.3,46.5,75.5,9.8,16.4,11.2,225,235,6.66,1.2,49.3,75.5,11.6,17.6,8.7,452,0,2,
20/11/2017,stoke,brighton,1678,1638,304,6.7,0.9,43.7,71.5,10.1,17.9,8.6,599,218,6.69,0.9,45.1,74.9,10.1,15.7,7.8,165,0,0,
24/11/2017,leicester_city,west_ham,1713,1629,162,6.74,1.5,48.3,74.7,11.1,16.6,11.1,152,199,6.72,1.3,46.5,75.5,9.8,16.4,11.2,225,0,0,
25/11/2017,brighton,manchester_united,1626,1893,218,6.69,0.9,45.1,74.9,10.1,15.7,7.8,165,13,6.98,1.8,53.9,83.6,13.5,14.8,12.3,11,0,2,
25/11/2017,watford,newcastle_united,1649,1632,235,6.66,1.2,49.3,75.5,11.6,17.6,8.7,452,211,6.72,1,43.8,72.3,11.9,16.9,8,168,0,1,
25/11/2017,stoke,crystal_palace,1667,1598,304,6.7,0.9,43.7,71.5,10.1,17.9,8.6,599,185,6.84,1.2,46.9,75.4,12.5,18,12.7,151,0,2,
25/11/2017,west_bromwich_albion,tottenham,1624,1922,323,6.63,0.8,42.8,72.4,9.9,15.9,8.4,620,19,6.95,1.9,58.8,83.8,16.4,16.3,11.5,13,0,0,
25/11/2017,bournemouth,swansea,1655,1619,203,6.65,1.2,48.5,77,12.2,13.4,9,154,207,6.59,0.7,46,78.2,8.9,16.4,8.4,300,0,0,
25/11/2017,chelsea,liverpool,1918,1859,31,6.94,1.6,54.4,84.3,15.9,16.7,13.5,23,9,6.99,2.2,58,83.8,16.8,16.8,11.6,8,0,0,
26/11/2017,everton,southampton,1665,1665,128,6.67,1.2,46.7,74.3,9.4,16.9,6.9,180,197,6.67,1,51,77.5,11.8,17.3,10,239,0,2,
26/11/2017,arsenal,burnley,1842,1685,25,6.92,1.9,58.5,84.3,15.6,16.4,10.1,25,157,6.78,0.9,45.1,70.5,9.9,14,5.7,121,0,1,
26/11/2017,manchester_city,huddersfield,1963,1527,12,7.15,2.8,66.4,89,17.5,14.8,13.2,10,255,6.61,0.7,46.4,74,9.5,19.6,7.3,193,0,1,
28/11/2017,tottenham,leicester,1914,1713,19,6.95,1.9,58.8,83.8,16.4,16.3,11.5,13,162,6.74,1.5,48.3,74.7,11.1,16.6,11.1,152,0,2,
28/11/2017,crystal_palace,brighton,1607,1624,185,6.84,1.2,46.9,75.4,12.5,18,12.7,151,218,6.69,0.9,45.1,74.9,10.1,15.7,7.8,165,0,0,
28/11/2017,manchester_united,watford,1895,1665,13,6.98,1.8,53.9,83.6,13.5,14.8,12.3,11,235,6.66,1.2,49.3,75.5,11.6,17.6,8.7,452,0,1,
28/11/2017,newcastle_united,west_bromwich_albion,1632,1616,211,6.72,1,43.8,72.3,11.9,16.9,8,168,323,6.63,0.8,42.8,72.4,9.9,15.9,8.4,620,0,0,
29/11/2017,swansea,chelsea,1618,1919,207,6.59,0.7,46,78.2,8.9,16.4,8.4,300,31,6.94,1.6,54.4,84.3,15.9,16.7,13.5,23,0,2,
29/11/2017,burnley,bournemouth,1680,1656,157,6.78,0.9,45.1,70.5,9.9,14,5.7,121,203,6.65,1.2,48.5,77,12.2,13.4,9,154,0,1,
29/11/2017,huddersfield,arsenal,1525,1848,255,6.61,0.7,46.4,74,9.5,19.6,7.3,193,25,6.92,1.9,58.5,84.3,15.6,16.4,10.1,25,0,2,
29/11/2017,west_ham,everton,1629,1653,199,6.72,1.3,46.5,75.5,9.8,16.4,11.2,225,128,6.67,1.2,46.7,74.3,9.4,16.9,6.9,180,0,2,
29/11/2017,southampton,manchester_city,1676,1964,197,6.67,1,51,77.5,11.8,17.3,10,239,12,7.15,2.8,66.4,89,17.5,14.8,13.2,10,0,2,
29/11/2017,liverpool,stoke,1859,1659,9,6.99,2.2,58,83.8,16.8,16.8,11.6,8,304,6.7,0.9,43.7,71.5,10.1,17.9,8.6,599,0,1,
2/12/17,newcastle_united,chelsea,1618,1920,211,6.72,1,43.8,72.3,11.9,16.9,8,168,31,6.94,1.6,54.4,84.3,15.9,16.7,13.5,23,0,2,
2/12/17,huddersfield,everton,1523,1665,255,6.61,0.7,46.4,74,9.5,19.6,7.3,193,128,6.67,1.2,46.7,74.3,9.4,16.9,6.9,180,0,2,
2/12/17,liverpool,brighton,1866,1622,9,6.99,2.2,58,83.8,16.8,16.8,11.6,8,218,6.69,0.9,45.1,74.9,10.1,15.7,7.8,165,0,1,
2/12/17,swansea,stoke,1616,1651,207,6.59,0.7,46,78.2,8.9,16.4,8.4,300,304,6.7,0.9,43.7,71.5,10.1,17.9,8.6,599,0,2,
2/12/17,burnley,leicester,1689,1724,157,6.78,0.9,45.1,70.5,9.9,14,5.7,121,162,6.74,1.5,48.3,74.7,11.1,16.6,11.1,152,0,2,
2/12/17,tottenham,watford,1902,1659,19,6.95,1.9,58.8,83.8,16.4,16.3,11.5,13,235,6.66,1.2,49.3,75.5,11.6,17.6,8.7,452,0,0,
2/12/17,crystal_palace,west_bromwich_albion,1609,1630,185,6.84,1.2,46.9,75.4,12.5,18,12.7,151,323,6.63,0.8,42.8,72.4,9.9,15.9,8.4,620,0,0,
2/12/17,manchester_united,arsenal,1990,1851,13,6.98,1.8,53.9,83.6,13.5,14.8,12.3,11,25,6.92,1.9,58.5,84.3,15.6,16.4,10.1,25,0,1,
3/12/17,southampton,bournemouth,1675,1647,197,6.67,1,51,77.5,11.8,17.3,10,239,203,6.65,1.2,48.5,77,12.2,13.4,9,154,0,0,
3/12/17,west_ham,manchester_city,1618,1966,199,6.72,1.3,46.5,75.5,9.8,16.4,11.2,225,12,7.15,2.8,66.4,89,17.5,14.8,13.2,10,0,2,
9/12/17,chelsea,west_ham,1923,1620,31,6.94,1.6,54.4,84.3,15.9,16.7,13.5,23,199,6.72,1.3,46.5,75.5,9.8,16.4,11.2,225,0,2,
9/12/17,west_bromwich_albion,swansea,1631,1614,323,6.63,0.8,42.8,72.4,9.9,15.9,8.4,620,207,6.59,0.7,46,78.2,8.9,16.4,8.4,300,0,2,
9/12/17,watford,burnley,1667,1686,235,6.66,1.2,49.3,75.5,11.6,17.6,8.7,452,157,6.78,0.9,45.1,70.5,9.9,14,5.7,121,0,2,
9/12/17,bournemouth,crystal_palace,1649,1614,203,6.65,1.2,48.5,77,12.2,13.4,9,154,185,6.84,1.2,46.9,75.4,12.5,18,12.7,151,0,0,
9/12/17,brighton,huddersfield,1618,1521,218,6.69,0.9,45.1,74.9,10.1,15.7,7.8,165,255,6.61,0.7,46.4,74,9.5,19.6,7.3,193,0,2,
9/12/17,stoke,tottenham,1660,1903,304,6.7,0.9,43.7,71.5,10.1,17.9,8.6,599,19,6.95,1.9,58.8,83.8,16.4,16.3,11.5,13,0,2,
9/12/17,leicester_city,newcastle_united,1733,1619,162,6.74,1.5,48.3,74.7,11.1,16.6,11.1,152,211,6.72,1,43.8,72.3,11.9,16.9,8,168,0,1,
10/12/17,arsenal,southampton,1844,1679,25,6.92,1.9,58.5,84.3,15.6,16.4,10.1,25,197,6.67,1,51,77.5,11.8,17.3,10,239,0,0,
10/12/17,everton,liverpool,1684,1883,128,6.67,1.2,46.7,74.3,9.4,16.9,6.9,180,9,6.99,2.2,58,83.8,16.8,16.8,11.6,8,0,0,
10/12/17,manchester_city,manchester_united,1959,1918,12,7.15,2.8,66.4,89,17.5,14.8,13.2,10,13,6.98,1.8,53.9,83.6,13.5,14.8,12.3,11,0,1,
12/12/17,stoke,burnley,1656,1692,304,6.7,0.9,43.7,71.5,10.1,17.9,8.6,599,157,6.78,0.9,45.1,70.5,9.9,14,5.7,121,0,2,
12/12/17,chelsea,huddersfield,1909,1534,31,6.94,1.6,54.4,84.3,15.9,16.7,13.5,23,255,6.61,0.7,46.4,74,9.5,19.6,7.3,193,0,1,
12/12/17,watford,crystal_palace,1661,1614,235,6.66,1.2,49.3,75.5,11.6,17.6,8.7,452,185,6.84,1.2,46.9,75.4,12.5,18,12.7,151,0,2,
13/12/2017,manchester_city,swansea,1968,1621,12,7.15,2.8,66.4,89,17.5,14.8,13.2,10,207,6.59,0.7,46,78.2,8.9,16.4,8.4,300,0,1,
13/12/2017,everton,newcastle_united,1690,1612,128,6.67,1.2,46.7,74.3,9.4,16.9,6.9,180,211,6.72,1,43.8,72.3,11.9,16.9,8,168,0,1,
13/12/2017,leicester_city,southampton,1740,1682,162,6.74,1.5,48.3,74.7,11.1,16.6,11.1,152,197,6.67,1,51,77.5,11.8,17.3,10,239,0,1,
13/12/2017,west_bromwich_albion,liverpool,1624,1877,323,6.63,0.8,42.8,72.4,9.9,15.9,8.4,620,9,6.99,2.2,58,83.8,16.8,16.8,11.6,8,0,0,
13/12/2017,brighton,tottenham,1605,1907,218,6.69,0.9,45.1,74.9,10.1,15.7,7.8,165,19,6.95,1.9,58.8,83.8,16.4,16.3,11.5,13,0,2,
13/12/2017,arsenal,west_ham,1841,1634,25,6.92,1.9,58.5,84.3,15.6,16.4,10.1,25,199,6.72,1.3,46.5,75.5,9.8,16.4,11.2,225,0,0,
13/12/2017,bournemouth,manchester_united,1650,1909,203,6.65,1.2,48.5,77,12.2,13.4,9,154,13,6.98,1.8,53.9,83.6,13.5,14.8,12.3,11,0,2,
16/12/2017,crystal_palace,leicester,1621,1754,185,6.84,1.2,46.9,75.4,12.5,18,12.7,151,162,6.74,1.5,48.3,74.7,11.1,16.6,11.1,152,0,1,
16/12/2017,huddersfield,watford,1531,1654,255,6.61,0.7,46.4,74,9.5,19.6,7.3,193,235,6.66,1.2,49.3,75.5,11.6,17.6,8.7,452,0,1,
16/12/2017,newcastle_united,arsenal,1605,1837,211,6.72,1,43.8,72.3,11.9,16.9,8,168,25,6.92,1.9,58.5,84.3,15.6,16.4,10.1,25,0,2,
16/12/2017,burnley,brighton,1698,1603,157,6.78,0.9,45.1,70.5,9.9,14,5.7,121,218,6.69,0.9,45.1,74.9,10.1,15.7,7.8,165,0,0,
16/12/2017,southampton,chelsea,1667,1912,197,6.67,1,51,77.5,11.8,17.3,10,239,31,6.94,1.6,54.4,84.3,15.9,16.7,13.5,23,0,2,
16/12/2017,west_ham,stoke,1638,1650,199,6.72,1.3,46.5,75.5,9.8,16.4,11.2,225,304,6.7,0.9,43.7,71.5,10.1,17.9,8.6,599,0,1,
16/12/2017,tottenham,manchester_city,1909,1972,19,6.95,1.9,58.8,83.8,16.4,16.3,11.5,13,12,7.15,2.8,66.4,89,17.5,14.8,13.2,10,0,2,
17/12/2017,manchester_united,west_bromwich_albion,1911,1631,13,6.98,1.8,53.9,83.6,13.5,14.8,12.3,11,323,6.63,0.8,42.8,72.4,9.9,15.9,8.4,620,0,1,
17/12/2017,liverpool,bournemouth,1870,1648,9,6.99,2.2,58,83.8,16.8,16.8,11.6,8,203,6.65,1.2,48.5,77,12.2,13.4,9,154,0,1,
18/12/2017,swansea,everton,1616,1698,207,6.59,0.7,46,78.2,8.9,16.4,8.4,300,128,6.67,1.2,46.7,74.3,9.4,16.9,6.9,180,0,2,
22/12/2017,liverpool,arsenal,1878,1839,203,6.65,1.2,48.5,77,12.2,13.4,9,154,25,6.92,1.9,58.5,84.3,15.6,16.4,10.1,25,0,0,
23/12/2017,chelsea,everton,1914,1704,31,6.94,1.6,54.4,84.3,15.9,16.7,13.5,23,128,6.67,1.2,46.7,74.3,9.4,16.9,6.9,180,0,0,
23/12/2017,crystal_palace,swansea,1643,1610,185,6.84,1.2,46.9,75.4,12.5,18,12.7,151,207,6.59,0.7,46,78.2,8.9,16.4,8.4,300,0,0,
23/12/2017,newcastle_united,west_ham,1603,1654,211,6.72,1,43.8,72.3,11.9,16.9,8,168,199,6.72,1.3,46.5,75.5,9.8,16.4,11.2,225,0,1,
23/12/2017,watford,brighton,1632,1604,235,6.66,1.2,49.3,75.5,11.6,17.6,8.7,452,218,6.69,0.9,45.1,74.9,10.1,15.7,7.8,165,0,2,
23/12/2017,west_bromwich_albion,stoke,1628,1634,323,6.63,0.8,42.8,72.4,9.9,15.9,8.4,620,304,6.7,0.9,43.7,71.5,10.1,17.9,8.6,599,0,2,
23/12/2017,bournemouth,manchester_city,1640,1981,203,6.65,1.2,48.5,77,12.2,13.4,9,154,12,7.15,2.8,66.4,89,17.5,14.8,13.2,10,0,2,
23/12/2017,huddersfield,southampton,1553,1665,255,6.61,0.7,46.4,74,9.5,19.6,7.3,193,197,6.67,1,51,77.5,11.8,17.3,10,239,0,0,
23/12/2017,tottenham,burnley,1901,1697,19,6.95,1.9,58.8,83.8,16.4,16.3,11.5,13,157,6.78,0.9,45.1,70.5,9.9,14,5.7,121,0,1,
23/12/2017,manchester_united,leicester,1914,1732,13,6.98,1.8,53.9,83.6,13.5,14.8,12.3,11,162,6.74,1.5,48.3,74.7,11.1,16.6,11.1,152,0,2,
26/12/2017,southampton,tottenham,1661,1909,197,6.67,1,51,77.5,11.8,17.3,10,239,19,6.95,1.9,58.8,83.8,16.4,16.3,11.5,13,0,2,
26/12/2017,leicester_city,watford,1736,1625,162,6.74,1.5,48.3,74.7,11.1,16.6,11.1,152,235,6.66,1.2,49.3,75.5,11.6,17.6,8.7,452,0,2,
26/12/2017,everton,west_bromwich_albion,1708,1619,128,6.67,1.2,46.7,74.3,9.4,16.9,6.9,180,323,6.63,0.8,42.8,72.4,9.9,15.9,8.4,620,0,0,
26/12/2017,west_ham,bournemouth,1643,1638,199,6.72,1.3,46.5,75.5,9.8,16.4,11.2,225,203,6.65,1.2,48.5,77,12.2,13.4,9,154,0,0,
26/12/2017,brighton,chelsea,1611,1910,218,6.69,0.9,45.1,74.9,10.1,15.7,7.8,165,31,6.94,1.6,54.4,84.3,15.9,16.7,13.5,23,0,2,
26/12/2017,stoke,huddersfield,1643,1557,304,6.7,0.9,43.7,71.5,10.1,17.9,8.6,599,255,6.61,0.7,46.4,74,9.5,19.6,7.3,193,0,0,
26/12/2017,burnley,manchester_united,1689,1911,157,6.78,0.9,45.1,70.5,9.9,14,5.7,121,13,6.98,1.8,53.9,83.6,13.5,14.8,12.3,11,0,0,
26/12/2017,swansea,liverpool,1609,1878,207,6.59,0.7,46,78.2,8.9,16.4,8.4,300,9,6.99,2.2,58,83.8,16.8,16.8,11.6,8,0,2,
27/12/2017,manchester_city,newcastle_united,1983,1614,12,7.15,2.8,66.4,89,17.5,14.8,13.2,10,211,6.72,1,43.8,72.3,11.9,16.9,8,168,0,1,
28/12/2017,arsenal,crystal_palace,1839,1644,25,6.92,1.9,58.5,84.3,15.6,16.4,10.1,25,185,6.84,1.2,46.9,75.4,12.5,18,12.7,151,0,1,
30/12/2017,everton,bournemouth,1708,1636,128,6.67,1.2,46.7,74.3,9.4,16.9,6.9,180,203,6.65,1.2,48.5,77,12.2,13.4,9,154,0,2,
30/12/2017,stoke,chelsea,1642,1912,304,6.7,0.9,43.7,71.5,10.1,17.9,8.6,599,31,6.94,1.6,54.4,84.3,15.9,16.7,13.5,23,0,2,
30/12/2017,burnley,huddersfield,1696,1558,157,6.78,0.9,45.1,70.5,9.9,14,5.7,121,255,6.61,0.7,46.4,74,9.5,19.6,7.3,193,0,0,
30/12/2017,leicester_city,liverpool,1727,1882,162,6.74,1.5,48.3,74.7,11.1,16.6,11.1,152,9,6.99,2.2,58,83.8,16.8,16.8,11.6,8,0,2,
30/12/2017,brighton,newcastle_united,1609,1612,218,6.69,0.9,45.1,74.9,10.1,15.7,7.8,165,211,6.72,1,43.8,72.3,11.9,16.9,8,168,0,0,
30/12/2017,swansea,watford,1605,1634,207,6.59,0.7,46,78.2,8.9,16.4,8.4,300,235,6.66,1.2,49.3,75.5,11.6,17.6,8.7,452,0,1,
30/12/2017,southampton,manchester_united,1657,1904,197,6.67,1,51,77.5,11.8,17.3,10,239,13,6.98,1.8,53.9,83.6,13.5,14.8,12.3,11,0,0,
31/12/2017,manchester_city,crystal_palace,1985,1639,12,7.15,2.8,66.4,89,17.5,14.8,13.2,10,185,6.84,1.2,46.9,75.4,12.5,18,12.7,151,0,0,
31/12/2017,arsenal,west_bromwich_albion,1844,1620,25,6.92,1.9,58.5,84.3,15.6,16.4,10.1,25,323,6.63,0.8,42.8,72.4,9.9,15.9,8.4,620,0,0,
13/5/2018,west_ham_united,everton,1661,1708,199,6.72,1.3,46.5,75.5,9.8,16.4,11.2,225,128,6.67,1.2,46.7,74.3,9.4,16.9,6.9,128,1,1,
13/5/2018,tottenham_hotspur,leicester_city,1910,1698,19,6.95,1.9,58.8,83.8,16.4,16.3,11.5,19,162,6.74,1.5,48.3,74.7,11.1,16.6,11.1,162,1,1,
13/5/2018,swansea_city,stoke_city,1627,1617,207,6.59,0.7,46,78.2,8.9,16.1,8.4,207,304,6.7,0.9,43.7,71.5,10.1,17.9,8.6,304,1,2,
13/5/2018,southampton,manchester_city,1654,1971,197,6.67,1,51,77.5,11.8,17.3,10,197,12,7.15,2.8,66.4,89,17.5,14.8,13.2,12,1,2,
13/5/2018,newcastle_united,chelsea,1649,1856,211,6.72,1,43.8,72.3,11.9,16.9,8,211,31,6.94,1.6,54.4,84.3,15.9,16.7,13.5,31,1,1,
13/5/2018,manchester_united,watford,1881,1626,13,6.98,1.8,53.9,83.6,13.5,14.8,12.3,13,235,6.66,1.2,49.3,75.5,11.6,17.6,8.7,235,1,1,
13/5/2018,liverpool,brighton,1922,1634,9,6.99,2.2,58,83.8,16.8,16.8,11.6,9,218,6.69,0.9,45.1,74.9,10.1,15.7,7.8,218,1,1,
13/5/2018,huddersfield_town,arsenal,1568,1817,255,6.61,0.7,46.4,74,9.5,19.6,7.3,255,25,6.92,1.9,58.5,84.3,15.6,16.4,10.1,25,1,2,
13/5/2018,crystal_palace,west_bromwich_albion,1684,1627,185,6.84,1.2,46.9,75.4,12.5,18,12.7,185,323,6.63,0.8,42.8,72.4,9.9,15.9,8.4,323,1,1,
13/5/2018,burnley,afc_bournemouth,1698,1661,157,6.78,0.9,45.1,70.5,9.9,14,5.7,157,203,6.65,1.2,48.5,77,12.2,13.4,9,203,1,2,
10/5/2018,west_ham_united,manchester_united,1657,1886,199,6.72,1.3,46.5,75.5,9.8,16.4,11.2,225,13,6.98,1.8,53.9,83.6,13.5,14.8,12.3,11,1,0,
09/05/2018,tottenham_hotspur,newcastle_united,1908,1650,19,6.95,1.9,58.8,83.8,16.4,16.3,11.5,13,211,6.72,1,43.8,72.3,11.9,16.9,8,168,1,1,
09/05/2018,manchester_city,brighton,1969,1636,12,7.15,2.8,66.4,89,17.5,14.8,13.2,10,218,6.69,0.9,45.1,74.9,10.1,15.7,7.8,165,1,1,
09/05/2018,leicester_city,arsenal,1684,1831,162,6.74,1.5,48.3,74.7,11.1,16.6,11.1,152,25,6.92,1.9,58.5,84.3,15.6,16.4,10.1,19,1,1,
09/05/2018,chelsea,huddersfield,1864,1560,31,6.94,1.6,54.4,84.3,15.9,16.7,13.5,23,255,6.61,0.7,46.4,74,9.5,19.6,7.3,193,1,0,
08/05/2018,swansea_city,southampton,1637,1645,207,6.59,0.7,46,78.2,8.9,16.1,8.4,300,197,6.67,1,51,77.5,11.8,17.3,10,239,1,2,
06/05/2018,manchester_city,huddersfield,1978,1552,12,7.15,2.8,66.4,89,17.5,14.8,13.2,10,255,6.61,0.7,46.4,74,9.5,19.6,7.3,193,1,0,
06/05/2018,arsenal,burnley,1822,1707,25,6.92,1.9,58.5,84.3,15.6,16.4,10.1,19,157,6.78,0.9,45.1,70.5,9.9,14,5.7,121,1,1,
06/05/2018,chelsea,liverpool,1855,1930,31,6.94,1.6,54.4,84.3,15.9,16.7,13.5,23,9,6.99,2.2,58,83.8,16.8,16.8,11.6,8,1,1,
05/05/2018,afc_bournemouth,swansea_city,1655,1643,203,6.65,1.2,48.5,77,12.2,13.4,9,154,207,6.59,0.7,46,78.2,8.9,16.1,8.4,300,1,1,
05/05/2018,leicester_city,west_ham_united,1699,1641,162,6.74,1.5,48.3,74.7,11.1,16.6,11.1,152,199,6.72,1.3,46.5,75.5,9.8,16.4,11.2,225,1,2,
05/05/2018,everton,southampton,1712,1641,128,6.67,1.2,46.7,74.3,9.4,16.9,6.9,180,197,6.67,1,51,77.5,11.8,17.3,10,239,1,0,
05/05/2018,west_bromwich_albion,tottenham_hotspur,1613,1922,323,6.63,0.8,42.8,72.4,9.9,15.9,8.4,620,19,6.95,1.9,58.8,83.8,16.4,16.3,11.5,13,1,1,
05/05/2018,watford,newcastle_united,1619,1658,235,6.66,1.2,49.3,75.5,11.6,17.6,8.7,452,211,6.72,1,43.8,72.3,11.9,16.9,8,168,1,1,
05/05/2018,stoke_city,cystal_palace,1626,1675,304,6.7,0.9,43.7,71.5,10.1,17.9,8.9,599,185,6.84,1.2,46.9,75.4,12.5,18,12.7,151,1,2,
11/8/2017,arsenal,leicester_city,1845,1714,25,6.92,1.9,58.5,84.3,15.6,16.4,10.1,25,162,6.74,1.5,48.3,74.7,11.1,16.6,11.1,152,1,1,7
12/8/2017,watford,liverpool,1601,1835,235,6.66,1.2,49.3,75.5,11.6,17.6,8.7,452,9,6.99,2.2,58,83.8,16.8,16.8,11.6,8,1,0,6
12/8/2017,west_bromwich_albion,bournemouth,1642,1651,323,6.63,0.8,42.8,72.4,9.9,15.9,8.4,620,203,6.65,1.2,48.5,77,12.2,13.4,9,154,1,1,1
12/8/2017,southampton,swansea,1689,1647,197,6.67,1,51,77.5,11.8,17.3,10,239,207,6.59,0.7,46,78.2,8.9,16.4,8.4,300,1,0,0
12/8/2017,chelsea,burnley,1907,1626,31,6.94,1.6,54.4,84.3,15.9,16.7,13.5,23,157,6.78,0.9,45.1,70.5,9.9,14,5.7,121,1,2,5
12/8/2017,crystal_palace,huddersfield,1640,1471,185,6.84,1.2,46.9,75.4,12.5,18,12.7,151,255,6.61,0.7,46.4,74,9.5,19.6,7.3,193,1,2,3
12/8/2017,everton,stoke,1749,1660,128,6.67,1.2,46.7,74.3,9.4,16.9,6.9,180,304,6.7,0.9,43.7,71.5,10.1,17.9,8.6,599,1,1,1
12/8/2017,brighton,manchester_city,1581,1864,218,6.69,0.9,45.1,74.9,10.1,15.7,7.8,165,12,7.15,2.8,66.4,89,17.5,14.8,13.2,10,1,2,2
13/8/2017,newcastle_united,tottenham,1621,1885,211,6.72,1,43.8,72.3,11.9,16.9,8,168,19,6.95,1.9,58.8,83.8,16.4,16.3,11.5,13,1,2,2
13/8/2017,manchester_united,west_ham,1855,1670,13,6.98,1.8,53.9,83.6,13.5,14.8,12.3,11,199,6.72,1.3,46.5,75.5,9.8,16.4,11.2,225,1,1,4
19/8/2017,swansea,manchester_united,1654,1864,207,6.59,0.7,46,78.2,8.9,16.4,8.4,300,13,6.98,1.8,53.9,83.6,13.5,14.8,12.3,11,1,2,4
19/8/2017,leicester,brighton,1715,1580,162,6.74,1.5,48.3,74.7,11.1,16.6,11.1,152,218,6.69,0.9,45.1,74.9,10.1,15.7,7.8,165,1,1,2
19/8/2017,liverpool,crystal_palace,1842,1620,9,6.99,2.2,58,83.8,16.8,16.8,11.6,8,185,6.84,1.2,46.9,75.4,12.5,18,12.7,151,1,1,1
19/8/2017,bournemouth,watford,1649,1609,203,6.65,1.2,48.5,77,12.2,13.4,9,154,235,6.66,1.2,49.3,75.5,11.6,17.6,8.7,452,1,2,2
19/8/2017,burnley,west_bromwich_albion,1646,1653,157,6.78,0.9,45.1,70.5,9.9,14,5.7,121,323,6.63,0.8,42.8,72.4,9.9,15.9,8.4,620,1,2,1
19/8/2017,southampton,west_ham,1690,1668,197,6.67,1,51,77.5,11.8,17.3,10,239,199,6.72,1.3,46.5,75.5,9.8,16.4,11.2,225,1,1,5
19/8/2017,stoke,arsenal,1659,1853,304,6.7,0.9,43.7,71.5,10.1,17.9,8.6,599,25,6.92,1.9,58.5,84.3,15.6,16.4,10.1,25,1,1,1
20/8/2017,huddersfield,newcastle_united,1499,1619,255,6.61,0.7,46.4,74,9.5,19.6,7.3,193,211,6.72,1,43.8,72.3,11.9,16.9,8,168,1,1,1
20/8/2017,tottenham,chelsea,1894,1895,19,6.95,1.9,58.8,83.8,16.4,16.3,11.5,13,31,6.94,1.6,54.4,84.3,15.9,16.7,13.5,23,1,2,3
21/8/2017,manchester_city,everton,1873,1760,12,7.15,2.8,66.4,89,17.5,14.8,13.2,10,128,6.67,1.2,46.7,74.3,9.4,16.9,6.9,180,1,0,2
26/8/2017,bournemouth,manchester_city,1635,1870,203,6.65,1.2,48.5,77,12.2,13.4,9,154,12,7.15,2.8,66.4,89,17.5,14.8,13.2,10,1,2,3
26/8/2017,crystal_palace,swansea,1620,1646,185,6.84,1.2,46.9,75.4,12.5,18,12.7,151,207,6.59,0.7,46,78.2,8.9,16.4,8.4,300,1,2,2
26/8/2017,huddersfield,southampton,1510,1697,255,6.61,0.7,46.4,74,9.5,19.6,7.3,193,197,6.67,1,51,77.5,11.8,17.3,10,239,1,0,0
26/8/2017,newcastle_united,west_ham,1612,1664,211,6.72,1,43.8,72.3,11.9,16.9,8,168,199,6.72,1.3,46.5,75.5,9.8,16.4,11.2,225,1,1,3
26/8/2017,watford,brighton,1627,1577,235,6.66,1.2,49.3,75.5,11.6,17.6,8.7,452,218,6.69,0.9,45.1,74.9,10.1,15.7,7.8,165,1,0,0
26/8/2017,manchester_united,leicester_city,1876,1721,13,6.98,1.8,53.9,83.6,13.5,14.8,12.3,11,162,6.74,1.5,48.3,74.7,11.1,16.6,11.1,152,1,1,2
27/8/2017,chelsea,everton,1906,1768,31,6.94,1.6,54.4,84.3,15.9,16.7,13.5,23,128,6.67,1.2,46.7,74.3,9.4,16.9,6.9,180,1,1,2
27/8/2017,west_bromwich_albion,stoke,1664,1672,323,6.63,0.8,42.8,72.4,9.9,15.9,8.4,620,304,6.7,0.9,43.7,71.5,10.1,17.9,8.6,599,1,0,2
27/8/2017,tottenham,burnley,1886,1638,19,6.95,1.9,58.8,83.8,16.4,16.3,11.5,13,157,6.78,0.9,45.1,70.5,9.9,14,5.7,121,1,0,2
27/8/2017,liverpool,arsenal,1851,1843,9,6.99,2.2,58,83.8,16.8,16.8,11.6,8,25,6.92,1.9,58.5,84.3,15.6,16.4,10.1,25,1,1,4
9/9/17,manchester_city,liverpool,1874,1862,12,7.15,2.8,66.4,89,17.5,14.8,13.2,10,9,6.99,2.2,58,83.8,16.8,16.8,11.6,8,1,1,5
9/9/17,southampton,watford,1694,1623,197,6.67,1,51,77.5,11.8,17.3,10,239,235,6.66,1.2,49.3,75.5,11.6,17.6,8.7,452,1,2,2
9/9/17,arsenal,bournemouth,1832,1631,25,6.92,1.9,58.5,84.3,15.6,16.4,10.1,25,203,6.65,1.2,48.5,77,12.2,13.4,9,154,1,1,3
9/9/17,brighton,west_bromwich_albion,1581,1662,218,6.69,0.9,45.1,74.9,10.1,15.7,7.8,165,323,6.63,0.8,42.8,72.4,9.9,15.9,8.4,620,1,1,4
9/9/17,everton,tottenham,1763,1879,128,6.67,1.2,46.7,74.3,9.4,16.9,6.9,180,19,6.95,1.9,58.8,83.8,16.4,16.3,11.5,13,1,2,3
9/9/17,leicester,chelsea,1717,1911,162,6.74,1.5,48.3,74.7,11.1,16.6,11.1,152,31,6.94,1.6,54.4,84.3,15.9,16.7,13.5,23,1,2,3
9/9/17,stoke,manchester_united,1674,1880,304,6.7,0.9,43.7,71.5,10.1,17.9,8.6,599,13,6.98,1.8,53.9,83.6,13.5,14.8,12.3,11,1,0,4
10/9/17,burnley,crystal_palace,1645,1607,157,6.78,0.9,45.1,70.5,9.9,14,5.7,121,185,6.84,1.2,46.9,75.4,12.5,18,12.7,151,1,1,1
10/9/17,swansea,newcastle_united,1659,1625,207,6.59,0.7,46,78.2,8.9,16.4,8.4,300,211,6.72,1,43.8,72.3,11.9,16.9,8,168,1,2,1
11/9/17,west_ham,huddersfield,1651,1513,199,6.72,1.3,46.5,75.5,9.8,16.4,11.2,225,255,6.61,0.7,46.4,74,9.5,19.6,7.3,193,1,1,2
15/9/2017,bournemouth,brighton,1629,1595,203,6.65,1.2,48.5,77,12.2,13.4,9,154,218,6.69,0.9,45.1,74.9,10.1,15.7,7.8,165,1,1,3
16/9/2017,crystal_palace,southampton,1604,1680,185,6.84,1.2,46.9,75.4,12.5,18,12.7,151,197,6.67,1,51,77.5,11.8,17.3,10,239,1,2,1
16/9/2017,huddersfield,leicester_city,1511,1714,255,6.61,0.7,46.4,74,9.5,19.6,7.3,193,162,6.74,1.5,48.3,74.7,11.1,16.6,11.1,152,1,0,2
16/9/2017,liverpool,burnley,1849,1653,9,6.99,2.2,58,83.8,16.8,16.8,11.6,8,157,6.78,0.9,45.1,70.5,9.9,14,5.7,121,1,0,2
16/9/2017,newcastle_united,stoke,1638,1680,211,6.72,1,43.8,72.3,11.9,16.9,8,168,304,6.7,0.9,43.7,71.5,10.1,17.9,8.6,599,1,1,3
16/9/2017,watford,manchester_city,1642,1897,235,6.66,1.2,49.3,75.5,11.6,17.6,8.7,452,12,7.15,2.8,66.4,89,17.5,14.8,13.2,10,1,2,6
16/9/2017,west_bromwich_albion,west_ham,1653,1658,323,6.63,0.8,42.8,72.4,9.9,15.9,8.4,620,199,6.72,1.3,46.5,75.5,9.8,16.4,11.2,225,1,0,0
16/9/2017,tottenham,swansea,1990,1650,19,6.95,1.9,58.8,83.8,16.4,16.3,11.5,13,207,6.59,0.7,46,78.2,8.9,16.4,8.4,300,1,0,0
17/9/2017,chelsea,arsenal,1920,1841,31,6.94,1.6,54.4,84.3,15.9,16.7,13.5,23,25,6.92,1.9,58.5,84.3,15.6,16.4,10.1,25,1,0,0
17/9/2017,manchester_united,everton,1881,1742,13,6.98,1.8,53.9,83.6,13.5,14.8,12.3,11,128,6.67,1.2,46.7,74.3,9.4,16.9,6.9,180,1,1,4
23/9/2017,west_ham,tottenham,1660,1892,199,6.72,1.3,46.5,75.5,9.8,16.4,11.2,225,19,6.95,1.9,58.8,83.8,16.4,16.3,11.5,13,1,2,5
23/9/2017,burnley,huddersfield,1659,1514,157,6.78,0.9,45.1,70.5,9.9,14,5.7,121,255,6.61,0.7,46.4,74,9.5,19.6,7.3,193,1,0,0
23/9/2017,everton,bournemouth,1735,1635,128,6.67,1.2,46.7,74.3,9.4,16.9,6.9,180,203,6.65,1.2,48.5,77,12.2,13.4,9,154,1,1,3
23/9/2017,manchester_city,crystal_palace,1906,1596,12,7.15,2.8,66.4,89,17.5,14.8,13.2,10,185,6.84,1.2,46.9,75.4,12.5,18,12.7,151,1,1,5
23/9/2017,southampton,manchester_united,1688,1888,197,6.67,1,51,77.5,11.8,17.3,10,239,13,6.98,1.8,53.9,83.6,13.5,14.8,12.3,11,1,2,1
23/9/2017,stoke,chelsea,1673,1916,304,6.7,0.9,43.7,71.5,10.1,17.9,8.6,599,31,6.94,1.6,54.4,84.3,15.9,16.7,13.5,23,1,2,4
23/9/2017,swansea,watford,1658,1633,207,6.59,0.7,46,78.2,8.9,16.4,8.4,300,235,6.66,1.2,49.3,75.5,11.6,17.6,8.7,452,1,2,3
23/9/2017,leicester,liverpool,1711,1842,162,6.74,1.5,48.3,74.7,11.1,16.6,11.1,152,9,6.99,2.2,58,83.8,16.8,16.8,11.6,8,1,2,5
24/9/2017,brighton,newcastle_united,1589,1645,218,6.69,0.9,45.1,74.9,10.1,15.7,7.8,165,211,6.72,1,43.8,72.3,11.9,16.9,8,168,1,1,1
25/9/2017,arsenal,west_bromwich_albion,1845,1651,25,6.92,1.9,58.5,84.3,15.6,16.4,10.1,25,323,6.63,0.8,42.8,72.4,9.9,15.9,8.4,620,1,1,2
30/9/2017,huddersfield,tottenham,1529,1912,255,6.61,0.7,46.4,74,9.5,19.6,7.3,193,19,6.95,1.9,58.8,83.8,16.4,16.3,11.5,13,1,2,4
30/9/2017,manchester_united,crystal_palace,1914,1601,13,6.98,1.8,53.9,83.6,13.5,14.8,12.3,11,185,6.84,1.2,46.9,75.4,12.5,18,12.7,151,1,1,4
30/9/2017,stoke,southampton,1674,1691,304,6.7,0.9,43.7,71.5,10.1,17.9,8.6,599,197,6.67,1,51,77.5,11.8,17.3,10,239,1,1,3
30/9/2017,west_bromwich_albion,watford,1656,1652,323,6.63,0.8,42.8,72.4,9.9,15.9,8.4,620,235,6.66,1.2,49.3,75.5,11.6,17.6,8.7,452,1,0,4
30/9/2017,west_ham,swansea,1665,1656,199,6.72,1.3,46.5,75.5,9.8,16.4,11.2,225,207,6.59,0.7,46,78.2,8.9,16.4,8.4,300,1,1,1
30/9/2017,bournemouth,leicester_city,1639,1713,203,6.65,1.2,48.5,77,12.2,13.4,9,154,162,6.74,1.5,48.3,74.7,11.1,16.6,11.1,152,1,0,0
30/9/2017,chelsea,manchester_city,1944,1922,31,6.94,1.6,54.4,84.3,15.9,16.7,13.5,23,12,7.15,2.8,66.4,89,17.5,14.8,13.2,10,1,2,1
1/10/17,arsenal,brighton,1860,1606,25,6.92,1.9,58.5,84.3,15.6,16.4,10.1,25,218,6.69,0.9,45.1,74.9,10.1,15.7,7.8,165,1,1,2
1/10/17,everton,burnley,1740,1663,128,6.67,1.2,46.7,74.3,9.4,16.9,6.9,180,157,6.78,0.9,45.1,70.5,9.9,14,5.7,121,1,2,1
1/10/17,newcastle_united,liverpool,1646,1854,211,6.72,1,43.8,72.3,11.9,16.9,8,168,9,6.99,2.2,58,83.8,16.8,16.8,11.6,8,1,0,2
14/10/2017,liverpool,manchester_united,1850,1917,9,6.99,2.2,58,83.8,16.8,16.8,11.6,8,13,6.98,1.8,53.9,83.6,13.5,14.8,12.3,11,1,0,0
14/10/2017,manchester_city,stoke,1932,1680,12,7.15,2.8,66.4,89,17.5,14.8,13.2,10,304,6.7,0.9,43.7,71.5,10.1,17.9,8.6,599,1,1,9
14/10/2017,burnley,west_ham,1674,1671,157,6.78,0.9,45.1,70.5,9.9,14,5.7,121,199,6.72,1.3,46.5,75.5,9.8,16.4,11.2,225,1,0,2
14/10/2017,crystal_palace,chelsea,1599,1934,185,6.84,1.2,46.9,75.4,12.5,18,12.7,151,31,6.94,1.6,54.4,84.3,15.9,16.7,13.5,23,1,1,3
14/10/2017,swansea,huddersfield,1650,1525,207,6.59,0.7,46,78.2,8.9,16.4,8.4,300,255,6.61,0.7,46.4,74,9.5,19.6,7.3,193,1,1,2
14/10/2017,tottenham,bournemouth,1915,1640,19,6.95,1.9,58.8,83.8,16.4,16.3,11.5,13,203,6.65,1.2,48.5,77,12.2,13.4,9,154,1,1,1
14/10/2017,watford,arsenal,1654,1863,235,6.66,1.2,49.3,75.5,11.6,17.6,8.7,452,25,6.92,1.9,58.5,84.3,15.6,16.4,10.1,25,1,1,3
15/10/2017,brighton,everton,1603,1728,218,6.69,0.9,45.1,74.9,10.1,15.7,7.8,165,128,6.67,1.2,46.7,74.3,9.4,16.9,6.9,180,1,0,2
15/10/2017,southampton,newcastle_united,1685,1650,197,6.67,1,51,77.5,11.8,17.3,10,239,211,6.72,1,43.8,72.3,11.9,16.9,8,168,1,0,4
16/10/2017,leicester,west_bromwich_albion,1713,1654,162,6.74,1.5,48.3,74.7,11.1,16.6,11.1,152,323,6.63,0.8,42.8,72.4,9.9,15.9,8.4,620,1,0,2
20/10/2017,west_ham,brighton,1676,1608,199,6.72,1.3,46.5,75.5,9.8,16.4,11.2,225,218,6.69,0.9,45.1,74.9,10.1,15.7,7.8,165,1,2,3
21/10/2017,chelsea,watford,1918,1669,31,6.94,1.6,54.4,84.3,15.9,16.7,13.5,23,235,6.66,1.2,49.3,75.5,11.6,17.6,8.7,452,1,1,6
21/10/2017,stoke,bournemouth,1679,1641,304,6.7,0.9,43.7,71.5,10.1,17.9,8.6,599,203,6.65,1.2,48.5,77,12.2,13.4,9,154,1,2,3
21/10/2017,swansea,leicester_city,1658,1713,207,6.59,0.7,46,78.2,8.9,16.4,8.4,300,162,6.74,1.5,48.3,74.7,11.1,16.6,11.1,152,1,2,3
21/10/2017,huddersfield,manchester_united,1523,1926,255,6.61,0.7,46.4,74,9.5,19.6,7.3,193,13,6.98,1.8,53.9,83.6,13.5,14.8,12.3,11,1,1,3
21/10/2017,manchester_city,burnley,1944,1676,12,7.15,2.8,66.4,89,17.5,14.8,13.2,10,157,6.78,0.9,45.1,70.5,9.9,14,5.7,121,1,1,3
21/10/2017,newcastle_united,crystal_palace,1656,1616,211,6.72,1,43.8,72.3,11.9,16.9,8,168,185,6.84,1.2,46.9,75.4,12.5,18,12.7,151,1,1,1
21/10/2017,southampton,west_bromwich_albion,1685,1660,197,6.67,1,51,77.5,11.8,17.3,10,239,323,6.63,0.8,42.8,72.4,9.9,15.9,8.4,620,1,1,1
22/10/2017,everton,arsenal,1719,1856,128,6.67,1.2,46.7,74.3,9.4,16.9,6.9,180,25,6.92,1.9,58.5,84.3,15.6,16.4,10.1,25,1,2,7
22/10/2017,tottenham,liverpool,1926,1860,19,6.95,1.9,58.8,83.8,16.4,16.3,11.5,13,9,6.99,2.2,58,83.8,16.8,16.8,11.6,8,1,1,5
28/10/2017,manchester_united,tottenham,1910,1933,13,6.98,1.8,53.9,83.6,13.5,14.8,12.3,11,19,6.95,1.9,58.8,83.8,16.4,16.3,11.5,13,1,1,1
28/10/2017,watford,stoke,1667,1668,235,6.66,1.2,49.3,75.5,11.6,17.6,8.7,452,304,6.7,0.9,43.7,71.5,10.1,17.9,8.6,599,1,2,1
28/10/2017,west_bromwich_albion,manchester_city,1655,1947,323,6.63,0.8,42.8,72.4,9.9,15.9,8.4,620,12,7.15,2.8,66.4,89,17.5,14.8,13.2,10,1,2,5
28/10/2017,crystal_palace,west_ham,1611,1656,185,6.84,1.2,46.9,75.4,12.5,18,12.7,151,199,6.72,1.3,46.5,75.5,9.8,16.4,11.2,225,1,0,4
28/10/2017,arsenal,swansea,1867,1650,25,6.92,1.9,58.5,84.3,15.6,16.4,10.1,25,207,6.59,0.7,46,78.2,8.9,16.4,8.4,300,1,1,3
28/10/2017,liverpool,huddersfield,1853,1538,9,6.99,2.2,58,83.8,16.8,16.8,11.6,8,255,6.61,0.7,46.4,74,9.5,19.6,7.3,193,1,1,3
28/10/2017,bournemouth,chelsea,1652,1921,203,6.65,1.2,48.5,77,12.2,13.4,9,154,31,6.94,1.6,54.4,84.3,15.9,16.7,13.5,23,1,2,1
29/10/2017,brighton,southampton,1628,1691,218,6.69,0.9,45.1,74.9,10.1,15.7,7.8,165,197,6.67,1,51,77.5,11.8,17.3,10,239,1,0,2
29/10/2017,leicester,everton,1721,1708,162,6.74,1.5,48.3,74.7,11.1,16.6,11.1,152,128,6.67,1.2,46.7,74.3,9.4,16.9,6.9,180,1,1,2
30/10/2017,burnley,newcastle_united,1673,1662,157,6.78,0.9,45.1,70.5,9.9,14,5.7,121,211,6.72,1,43.8,72.3,11.9,16.9,8,168,1,1,1
4/11/17,stoke,leicester_city,1678,1729,304,6.7,0.9,43.7,71.5,10.1,17.9,8.6,599,162,6.74,1.5,48.3,74.7,11.1,16.6,11.1,152,1,0,4
4/11/17,swansea,brighton,1647,1628,207,6.59,0.7,46,78.2,8.9,16.4,8.4,300,218,6.69,0.9,45.1,74.9,10.1,15.7,7.8,165,1,2,1
4/11/17,huddersfield,west_bromwich_albion,1536,1651,255,6.61,0.7,46.4,74,9.5,19.6,7.3,193,323,6.63,0.8,42.8,72.4,9.9,15.9,8.4,620,1,1,1
4/11/17,newcastle_united,bournemouth,1655,1649,211,6.72,1,43.8,72.3,11.9,16.9,8,168,203,6.65,1.2,48.5,77,12.2,13.4,9,154,1,2,1
4/11/17,southampton,burnley,1691,1679,197,6.67,1,51,77.5,11.8,17.3,10,239,157,6.78,0.9,45.1,70.5,9.9,14,5.7,121,1,2,1
4/11/17,west_ham,liverpool,1656,1857,199,6.72,1.3,46.5,75.5,9.8,16.4,11.2,225,9,6.99,2.2,58,83.8,16.8,16.8,11.6,8,1,2,5
5/11/17,tottenham,crystal_palace,1938,1610,19,6.95,1.9,58.8,83.8,16.4,16.3,11.5,13,185,6.84,1.2,46.9,75.4,12.5,18,12.7,151,1,1,1
5/11/17,manchester_city,arsenal,1963,1860,12,7.15,2.8,66.4,89,17.5,14.8,13.2,10,25,6.92,1.9,58.5,84.3,15.6,16.4,10.1,25,1,1,4
5/11/17,chelsea,manchester_united,1912,1920,31,6.94,1.6,54.4,84.3,15.9,16.7,13.5,23,13,6.98,1.8,53.9,83.6,13.5,14.8,12.3,11,1,1,1
5/11/17,everton,watford,1691,1657,128,6.67,1.2,46.7,74.3,9.4,16.9,6.9,180,235,6.66,1.2,49.3,75.5,11.6,17.6,8.7,452,1,1,5
18/11/2017,arsenal,tottenham,1854,1939,25,6.92,1.9,58.5,84.3,15.6,16.4,10.1,25,19,6.95,1.9,58.8,83.8,16.4,16.3,11.5,13,1,1,2
18/11/2017,bournemouth,huddersfield,1658,1546,203,6.65,1.2,48.5,77,12.2,13.4,9,154,255,6.61,0.7,46.4,74,9.5,19.6,7.3,193,1,1,4
18/11/2017,west_bromwich_albion,chelsea,1642,1919,323,6.63,0.8,42.8,72.4,9.9,15.9,8.4,620,31,6.94,1.6,54.4,84.3,15.9,16.7,13.5,23,1,2,4
18/11/2017,burnley,swansea,1689,1637,157,6.78,0.9,45.1,70.5,9.9,14,5.7,121,207,6.59,0.7,46,78.2,8.9,16.4,8.4,300,1,1,2
18/11/2017,crystal_palace,everton,1609,1697,185,6.84,1.2,46.9,75.4,12.5,18,12.7,151,128,6.67,1.2,46.7,74.3,9.4,16.9,6.9,180,1,0,4
18/11/2017,leicester,manchester_city,1730,1968,162,6.74,1.5,48.3,74.7,11.1,16.6,11.1,152,12,7.15,2.8,66.4,89,17.5,14.8,13.2,10,1,2,2
18/11/2017,liverpool,southampton,1865,1681,9,6.99,2.2,58,83.8,16.8,16.8,11.6,8,197,6.67,1,51,77.5,11.8,17.3,10,239,1,1,3
18/11/2017,manchester_united,newcastle_united,1913,1646,13,6.98,1.8,53.9,83.6,13.5,14.8,12.3,11,211,6.72,1,43.8,72.3,11.9,16.9,8,168,1,1,5
19/11/2017,watford,west_ham,1651,1649,235,6.66,1.2,49.3,75.5,11.6,17.6,8.7,452,199,6.72,1.3,46.5,75.5,9.8,16.4,11.2,225,1,1,2
20/11/2017,brighton,stoke,1638,1678,218,6.69,0.9,45.1,74.9,10.1,15.7,7.8,165,304,6.7,0.9,43.7,71.5,10.1,17.9,8.6,599,1,0,4
24/11/2017,west_ham,leicester_city,1629,1713,199,6.72,1.3,46.5,75.5,9.8,16.4,11.2,225,162,6.74,1.5,48.3,74.7,11.1,16.6,11.1,152,1,0,2
25/11/2017,manchester_united,brighton,1893,1626,13,6.98,1.8,53.9,83.6,13.5,14.8,12.3,11,218,6.69,0.9,45.1,74.9,10.1,15.7,7.8,165,1,1,1
25/11/2017,newcastle_united,watford,1632,1649,211,6.72,1,43.8,72.3,11.9,16.9,8,168,235,6.66,1.2,49.3,75.5,11.6,17.6,8.7,452,1,2,3
25/11/2017,crystal_palace,stoke,1598,1667,185,6.84,1.2,46.9,75.4,12.5,18,12.7,151,304,6.7,0.9,43.7,71.5,10.1,17.9,8.6,599,1,1,3
25/11/2017,tottenham,west_bromwich_albion,1922,1624,19,6.95,1.9,58.8,83.8,16.4,16.3,11.5,13,323,6.63,0.8,42.8,72.4,9.9,15.9,8.4,620,1,0,2
25/11/2017,swansea,bournemouth,1619,1655,207,6.59,0.7,46,78.2,8.9,16.4,8.4,300,203,6.65,1.2,48.5,77,12.2,13.4,9,154,1,0,0
25/11/2017,liverpool,chelsea,1859,1918,9,6.99,2.2,58,83.8,16.8,16.8,11.6,8,31,6.94,1.6,54.4,84.3,15.9,16.7,13.5,23,1,0,1
26/11/2017,southampton,everton,1665,1665,197,6.67,1,51,77.5,11.8,17.3,10,239,128,6.67,1.2,46.7,74.3,9.4,16.9,6.9,180,1,1,5
26/11/2017,burnley,arsenal,1685,1842,157,6.78,0.9,45.1,70.5,9.9,14,5.7,121,25,6.92,1.9,58.5,84.3,15.6,16.4,10.1,25,1,2,1
26/11/2017,huddersfield,manchester_city,1527,1963,255,6.61,0.7,46.4,74,9.5,19.6,7.3,193,12,7.15,2.8,66.4,89,17.5,14.8,13.2,10,1,2,3
28/11/2017,leicester,tottenham,1713,1914,162,6.74,1.5,48.3,74.7,11.1,16.6,11.1,152,19,6.95,1.9,58.8,83.8,16.4,16.3,11.5,13,1,1,3
28/11/2017,brighton,crystal_palace,1624,1607,218,6.69,0.9,45.1,74.9,10.1,15.7,7.8,165,185,6.84,1.2,46.9,75.4,12.5,18,12.7,151,1,0,0
28/11/2017,watford,manchester_united,1665,1895,235,6.66,1.2,49.3,75.5,11.6,17.6,8.7,452,13,6.98,1.8,53.9,83.6,13.5,14.8,12.3,11,1,2,6
28/11/2017,west_bromwich_albion,newcastle_united,1616,1632,323,6.63,0.8,42.8,72.4,9.9,15.9,8.4,620,211,6.72,1,43.8,72.3,11.9,16.9,8,168,1,0,4
29/11/2017,chelsea,swansea,1919,1618,31,6.94,1.6,54.4,84.3,15.9,16.7,13.5,23,207,6.59,0.7,46,78.2,8.9,16.4,8.4,300,1,1,1
29/11/2017,bournemouth,burnley,1656,1680,203,6.65,1.2,48.5,77,12.2,13.4,9,154,157,6.78,0.9,45.1,70.5,9.9,14,5.7,121,1,2,3
29/11/2017,arsenal,huddersfield,1848,1525,25,6.92,1.9,58.5,84.3,15.6,16.4,10.1,25,255,6.61,0.7,46.4,74,9.5,19.6,7.3,193,1,1,5
29/11/2017,everton,west_ham,1653,1629,128,6.67,1.2,46.7,74.3,9.4,16.9,6.9,180,199,6.72,1.3,46.5,75.5,9.8,16.4,11.2,225,1,1,4
29/11/2017,manchester_city,southampton,1964,1676,12,7.15,2.8,66.4,89,17.5,14.8,13.2,10,197,6.67,1,51,77.5,11.8,17.3,10,239,1,1,3
29/11/2017,stoke,liverpool,1659,1859,304,6.7,0.9,43.7,71.5,10.1,17.9,8.6,599,9,6.99,2.2,58,83.8,16.8,16.8,11.6,8,1,2,3
2/12/17,chelsea,newcastle_united,1920,1618,31,6.94,1.6,54.4,84.3,15.9,16.7,13.5,23,211,6.72,1,43.8,72.3,11.9,16.9,8,168,1,1,4
2/12/17,everton,huddersfield,1665,1523,128,6.67,1.2,46.7,74.3,9.4,16.9,6.9,180,255,6.61,0.7,46.4,74,9.5,19.6,7.3,193,1,1,2
2/12/17,brighton,liverpool,1622,1866,218,6.69,0.9,45.1,74.9,10.1,15.7,7.8,165,9,6.99,2.2,58,83.8,16.8,16.8,11.6,8,1,2,6
2/12/17,stoke,swansea,1651,1616,304,6.7,0.9,43.7,71.5,10.1,17.9,8.6,599,207,6.59,0.7,46,78.2,8.9,16.4,8.4,300,1,1,3
2/12/17,leicester,burnley,1724,1689,162,6.74,1.5,48.3,74.7,11.1,16.6,11.1,152,157,6.78,0.9,45.1,70.5,9.9,14,5.7,121,1,1,1
2/12/17,watford,tottenham,1659,1902,235,6.66,1.2,49.3,75.5,11.6,17.6,8.7,452,19,6.95,1.9,58.8,83.8,16.4,16.3,11.5,13,1,0,2
2/12/17,west_bromwich_albion,crystal_palace,1630,1609,323,6.63,0.8,42.8,72.4,9.9,15.9,8.4,620,185,6.84,1.2,46.9,75.4,12.5,18,12.7,151,1,0,0
2/12/17,arsenal,manchester_united,1851,1990,25,6.92,1.9,58.5,84.3,15.6,16.4,10.1,25,13,6.98,1.8,53.9,83.6,13.5,14.8,12.3,11,1,2,4
3/12/17,bournemouth,southampton,1647,1675,203,6.65,1.2,48.5,77,12.2,13.4,9,154,197,6.67,1,51,77.5,11.8,17.3,10,239,1,0,2
3/12/17,manchester_city,west_ham,1966,1618,12,7.15,2.8,66.4,89,17.5,14.8,13.2,10,199,6.72,1.3,46.5,75.5,9.8,16.4,11.2,225,1,1,3
9/12/17,west_ham,chelsea,1620,1923,199,6.72,1.3,46.5,75.5,9.8,16.4,11.2,225,31,6.94,1.6,54.4,84.3,15.9,16.7,13.5,23,1,1,1
9/12/17,swansea,west_bromwich_albion,1614,1631,207,6.59,0.7,46,78.2,8.9,16.4,8.4,300,323,6.63,0.8,42.8,72.4,9.9,15.9,8.4,620,1,1,1
9/12/17,burnley,watford,1686,1667,157,6.78,0.9,45.1,70.5,9.9,14,5.7,121,235,6.66,1.2,49.3,75.5,11.6,17.6,8.7,452,1,1,1
9/12/17,crystal_palace,bournemouth,1614,1649,185,6.84,1.2,46.9,75.4,12.5,18,12.7,151,203,6.65,1.2,48.5,77,12.2,13.4,9,154,1,0,4
9/12/17,huddersfield,brighton,1521,1618,255,6.61,0.7,46.4,74,9.5,19.6,7.3,193,218,6.69,0.9,45.1,74.9,10.1,15.7,7.8,165,1,1,2
9/12/17,tottenham,stoke,1903,1660,19,6.95,1.9,58.8,83.8,16.4,16.3,11.5,13,304,6.7,0.9,43.7,71.5,10.1,17.9,8.6,599,1,1,6
9/12/17,newcastle_united,leicester_city,1619,1733,211,6.72,1,43.8,72.3,11.9,16.9,8,168,162,6.74,1.5,48.3,74.7,11.1,16.6,11.1,152,1,2,5
10/12/17,southampton,arsenal,1679,1844,197,6.67,1,51,77.5,11.8,17.3,10,239,25,6.92,1.9,58.5,84.3,15.6,16.4,10.1,25,1,0,2
10/12/17,liverpool,everton,1883,1684,9,6.99,2.2,58,83.8,16.8,16.8,11.6,8,128,6.67,1.2,46.7,74.3,9.4,16.9,6.9,180,1,0,2
10/12/17,manchester_united,manchester_city,1918,1959,13,6.98,1.8,53.9,83.6,13.5,14.8,12.3,11,12,7.15,2.8,66.4,89,17.5,14.8,13.2,10,1,2,3
12/12/17,burnley,stoke,1692,1656,157,6.78,0.9,45.1,70.5,9.9,14,5.7,121,304,6.7,0.9,43.7,71.5,10.1,17.9,8.6,599,1,1,1
12/12/17,huddersfield,chelsea,1534,1909,255,6.61,0.7,46.4,74,9.5,19.6,7.3,193,31,6.94,1.6,54.4,84.3,15.9,16.7,13.5,23,1,2,4
12/12/17,crystal_palace,watford,1614,1661,185,6.84,1.2,46.9,75.4,12.5,18,12.7,151,235,6.66,1.2,49.3,75.5,11.6,17.6,8.7,452,1,1,3
13/12/2017,swansea,manchester_city,1621,1968,207,6.59,0.7,46,78.2,8.9,16.4,8.4,300,12,7.15,2.8,66.4,89,17.5,14.8,13.2,10,1,2,4
13/12/2017,newcastle_united,everton,1612,1690,211,6.72,1,43.8,72.3,11.9,16.9,8,168,128,6.67,1.2,46.7,74.3,9.4,16.9,6.9,180,1,2,1
13/12/2017,southampton,leicester_city,1682,1740,197,6.67,1,51,77.5,11.8,17.3,10,239,162,6.74,1.5,48.3,74.7,11.1,16.6,11.1,152,1,2,5
13/12/2017,liverpool,west_bromwich_albion,1877,1624,9,6.99,2.2,58,83.8,16.8,16.8,11.6,8,323,6.63,0.8,42.8,72.4,9.9,15.9,8.4,620,1,0,0
13/12/2017,tottenham,brighton,1907,1605,19,6.95,1.9,58.8,83.8,16.4,16.3,11.5,13,218,6.69,0.9,45.1,74.9,10.1,15.7,7.8,165,1,1,2
13/12/2017,west_ham,arsenal,1634,1841,199,6.72,1.3,46.5,75.5,9.8,16.4,11.2,225,25,6.92,1.9,58.5,84.3,15.6,16.4,10.1,25,1,0,0
13/12/2017,manchester_united,bournemouth,1909,1650,13,6.98,1.8,53.9,83.6,13.5,14.8,12.3,11,203,6.65,1.2,48.5,77,12.2,13.4,9,154,1,1,1
16/12/2017,leicester,crystal_palace,1754,1621,162,6.74,1.5,48.3,74.7,11.1,16.6,11.1,152,185,6.84,1.2,46.9,75.4,12.5,18,12.7,151,1,2,3
16/12/2017,watford,huddersfield,1654,1531,235,6.66,1.2,49.3,75.5,11.6,17.6,8.7,452,255,6.61,0.7,46.4,74,9.5,19.6,7.3,193,1,2,5
16/12/2017,arsenal,newcastle_united,1837,1605,25,6.92,1.9,58.5,84.3,15.6,16.4,10.1,25,211,6.72,1,43.8,72.3,11.9,16.9,8,168,1,1,1
16/12/2017,brighton,burnley,1603,1698,218,6.69,0.9,45.1,74.9,10.1,15.7,7.8,165,157,6.78,0.9,45.1,70.5,9.9,14,5.7,121,1,0,0
16/12/2017,chelsea,southampton,1912,1667,31,6.94,1.6,54.4,84.3,15.9,16.7,13.5,23,197,6.67,1,51,77.5,11.8,17.3,10,239,1,1,1
16/12/2017,stoke,west_ham,1650,1638,304,6.7,0.9,43.7,71.5,10.1,17.9,8.6,599,199,6.72,1.3,46.5,75.5,9.8,16.4,11.2,225,1,2,3
16/12/2017,manchester_city,tottenham,1972,1909,12,7.15,2.8,66.4,89,17.5,14.8,13.2,10,19,6.95,1.9,58.8,83.8,16.4,16.3,11.5,13,1,1,5
17/12/2017,west_bromwich_albion,manchester_united,1631,1911,323,6.63,0.8,42.8,72.4,9.9,15.9,8.4,620,13,6.98,1.8,53.9,83.6,13.5,14.8,12.3,11,1,2,3
17/12/2017,bournemouth,liverpool,1648,1870,203,6.65,1.2,48.5,77,12.2,13.4,9,154,9,6.99,2.2,58,83.8,16.8,16.8,11.6,8,1,2,4
18/12/2017,everton,swansea,1698,1616,128,6.67,1.2,46.7,74.3,9.4,16.9,6.9,180,207,6.59,0.7,46,78.2,8.9,16.4,8.4,300,1,1,4
22/12/2017,arsenal,liverpool,1839,1878,25,6.92,1.9,58.5,84.3,15.6,16.4,10.1,25,203,6.65,1.2,48.5,77,12.2,13.4,9,154,1,0,6
23/12/2017,everton,chelsea,1704,1914,128,6.67,1.2,46.7,74.3,9.4,16.9,6.9,180,31,6.94,1.6,54.4,84.3,15.9,16.7,13.5,23,1,0,0
23/12/2017,swansea,crystal_palace,1610,1643,207,6.59,0.7,46,78.2,8.9,16.4,8.4,300,185,6.84,1.2,46.9,75.4,12.5,18,12.7,151,1,0,2
23/12/2017,west_ham,newcastle_united,1654,1603,199,6.72,1.3,46.5,75.5,9.8,16.4,11.2,225,211,6.72,1,43.8,72.3,11.9,16.9,8,168,1,2,5
23/12/2017,brighton,watford,1604,1632,218,6.69,0.9,45.1,74.9,10.1,15.7,7.8,165,235,6.66,1.2,49.3,75.5,11.6,17.6,8.7,452,1,1,1
23/12/2017,stoke,west_bromwich_albion,1634,1628,304,6.7,0.9,43.7,71.5,10.1,17.9,8.6,599,323,6.63,0.8,42.8,72.4,9.9,15.9,8.4,620,1,1,4
23/12/2017,manchester_city,bournemouth,1981,1640,12,7.15,2.8,66.4,89,17.5,14.8,13.2,10,203,6.65,1.2,48.5,77,12.2,13.4,9,154,1,1,4
23/12/2017,southampton,huddersfield,1665,1553,197,6.67,1,51,77.5,11.8,17.3,10,239,255,6.61,0.7,46.4,74,9.5,19.6,7.3,193,1,0,2
23/12/2017,burnley,tottenham,1697,1901,157,6.78,0.9,45.1,70.5,9.9,14,5.7,121,19,6.95,1.9,58.8,83.8,16.4,16.3,11.5,13,1,2,3
23/12/2017,leicester,manchester_united,1732,1914,162,6.74,1.5,48.3,74.7,11.1,16.6,11.1,152,13,6.98,1.8,53.9,83.6,13.5,14.8,12.3,11,1,1,4
26/12/2017,tottenham,southampton,1909,1661,19,6.95,1.9,58.8,83.8,16.4,16.3,11.5,13,197,6.67,1,51,77.5,11.8,17.3,10,239,1,1,7
26/12/2017,watford,leicester_city,1625,1736,235,6.66,1.2,49.3,75.5,11.6,17.6,8.7,452,162,6.74,1.5,48.3,74.7,11.1,16.6,11.1,152,1,1,3
26/12/2017,west_bromwich_albion,everton,1619,1708,323,6.63,0.8,42.8,72.4,9.9,15.9,8.4,620,128,6.67,1.2,46.7,74.3,9.4,16.9,6.9,180,1,0,0
26/12/2017,bournemouth,west_ham,1638,1643,203,6.65,1.2,48.5,77,12.2,13.4,9,154,199,6.72,1.3,46.5,75.5,9.8,16.4,11.2,225,1,0,6
26/12/2017,chelsea,brighton,1910,1611,31,6.94,1.6,54.4,84.3,15.9,16.7,13.5,23,218,6.69,0.9,45.1,74.9,10.1,15.7,7.8,165,1,1,2
26/12/2017,huddersfield,stoke,1557,1643,255,6.61,0.7,46.4,74,9.5,19.6,7.3,193,304,6.7,0.9,43.7,71.5,10.1,17.9,8.6,599,1,0,2
26/12/2017,manchester_united,burnley,1911,1689,13,6.98,1.8,53.9,83.6,13.5,14.8,12.3,11,157,6.78,0.9,45.1,70.5,9.9,14,5.7,121,1,0,4
26/12/2017,liverpool,swansea,1878,1609,9,6.99,2.2,58,83.8,16.8,16.8,11.6,8,207,6.59,0.7,46,78.2,8.9,16.4,8.4,300,1,1,5
27/12/2017,newcastle_united,manchester_city,1614,1983,211,6.72,1,43.8,72.3,11.9,16.9,8,168,12,7.15,2.8,66.4,89,17.5,14.8,13.2,10,1,2,1
28/12/2017,crystal_palace,arsenal,1644,1839,185,6.84,1.2,46.9,75.4,12.5,18,12.7,151,25,6.92,1.9,58.5,84.3,15.6,16.4,10.1,25,1,2,5
30/12/2017,bournemouth,everton,1636,1708,203,6.65,1.2,48.5,77,12.2,13.4,9,154,128,6.67,1.2,46.7,74.3,9.4,16.9,6.9,180,1,1,3
30/12/2017,chelsea,stoke,1912,1642,31,6.94,1.6,54.4,84.3,15.9,16.7,13.5,23,304,6.7,0.9,43.7,71.5,10.1,17.9,8.6,599,1,1,5
30/12/2017,huddersfield,burnley,1558,1696,255,6.61,0.7,46.4,74,9.5,19.6,7.3,193,157,6.78,0.9,45.1,70.5,9.9,14,5.7,121,1,0,0
30/12/2017,liverpool,leicester_city,1882,1727,9,6.99,2.2,58,83.8,16.8,16.8,11.6,8,162,6.74,1.5,48.3,74.7,11.1,16.6,11.1,152,1,1,3
30/12/2017,newcastle_united,brighton,1612,1609,211,6.72,1,43.8,72.3,11.9,16.9,8,168,218,6.69,0.9,45.1,74.9,10.1,15.7,7.8,165,1,0,0
30/12/2017,watford,swansea,1634,1605,235,6.66,1.2,49.3,75.5,11.6,17.6,8.7,452,207,6.59,0.7,46,78.2,8.9,16.4,8.4,300,1,2,3
30/12/2017,manchester_united,southampton,1904,1657,13,6.98,1.8,53.9,83.6,13.5,14.8,12.3,11,197,6.67,1,51,77.5,11.8,17.3,10,239,1,0,0
31/12/2017,crystal_palace,manchester_city,1639,1985,185,6.84,1.2,46.9,75.4,12.5,18,12.7,151,12,7.15,2.8,66.4,89,17.5,14.8,13.2,10,1,0,0
31/12/2017,west_bromwich_albion,arsenal,1620,1844,323,6.63,0.8,42.8,72.4,9.9,15.9,8.4,620,25,6.92,1.9,58.5,84.3,15.6,16.4,10.1,25,1,0,2
